season,game_id,game_date,home,away,p_b3,p_b1,gap,p_home,delta_g_hat,delta_low,delta_high,home_back_to_back,away_back_to_back,rest_diff,travel_diff,home_tz,away_tz,empty_seats,intercept,offset,term_delta_g_hat,term_home_back_to_back,term_away_back_to_back,term_rest_diff,term_travel_diff,term_home_tz,term_away_tz,term_empty_seats,out_of_range,home_xg_5v5,home_xg_pp,home_xg_sh,home_base,home_goals,home_jump,home_missed,home_starter_p,home_no_candidates,home_average_goalie,home_jump_flag,home_projection_miss,home_starter_surprise,away_xg_5v5,away_xg_pp,away_xg_sh,away_base,away_goals,away_jump,away_missed,away_starter_p,away_no_candidates,away_average_goalie,away_jump_flag,away_projection_miss,away_starter_surprise,no_candidates,average_goalie,jump,projection_miss,starter_surprise,flagged,logit_b3,logit_b1,driver,timid,other_favourite,review
20182019,2018020005,2018-10-04,BUF,BOS,0.5036,0.422,0.0816,0.5036000253143783,-0.28019840616055736,-0.39351954676027123,-0.18314686003291802,0.0,1.0,3.0,-0.46888549825246806,0.0,0.0,0.0,0.033416295203136256,0.205450478568261,-0.38111161858540116,0.019468101474650716,0.1321891968864809,0.012237665003345253,-0.0003017176520038364,-0.016346679894309168,0.009437356897479245,0.0,false,1.8596091488613122,0.5927385893537264,0.07125415212554334,1.0115348793327312,2.552711333629513,,10,0.0,false,false,false,true,true,2.0601953873217744,0.46302586948709834,0.07776534512465305,1.0605924237193227,2.7585866842061635,0.025831962933850247,1,0.2926893326236472,false,false,false,false,false,false,false,false,true,true,true,0.014400248839740233,-0.31456855463636585,delta_g_hat,true,true,flagged
20182019,2018020006,2018-10-04,NYR,NSH,0.4506,0.3546,0.096,0.45061521465851206,-0.29398441410413906,-0.4773647408367836,-0.14873557186825925,0.0,0.0,0.0,-1.2231581701744108,0.0,1.0,0.0,0.033416295203136256,0.205450478568261,-0.39955596375888297,0.019468101474650716,-0.042219960743574474,-0.0009851875477355615,0.011015921693369454,-0.016346679894309168,-0.009563437370627162,0.0,false,1.9484484629122558,0.5447798428787135,0.07447778489397062,1.0207293697164777,2.6209330195619995,,8,0.5482499170723775,false,false,false,true,false,2.203548639511097,0.5786546915936809,0.07442048794351039,1.040311562094205,2.971778787509638,,5,0.5348433965304824,false,false,false,true,false,false,false,false,true,false,true,-0.19824674566302947,-0.5988798859777539,delta_g_hat,true,false,flagged
20182019,2018020008,2018-10-04,CAR,NYI,0.5184,0.6125,-0.0941,0.5184473656036591,-0.09787032657812224,-0.17184377005950013,-0.014368220193737624,0.0,0.0,0.0,-0.6825505162284248,0.0,0.0,0.0,0.033416295203136256,0.205450478568261,-0.13717428383272817,0.019468101474650716,-0.042219960743574474,-0.0009851875477355615,0.0029042630287132156,-0.016346679894309168,0.009437356897479245,0.0,false,2.089493397279723,0.5551303220646017,0.07063816824620417,0.9868510467529891,2.6795590359772103,,10,0.0,false,false,false,true,true,1.9734854155804638,0.5292994172992324,0.07200897817604568,1.0402438813143586,2.6784135075968143,,6,0.44583583056875487,false,false,false,true,false,false,false,false,true,true,true,0.0736332510434536,0.4578330936254806,delta_g_hat,true,false,flagged
20182019,2018020014,2018-10-04,VGK,PHI,0.5455,0.6455,-0.1,0.5455008821130182,-0.0052677742530695855,-0.16827186191249455,0.09991959841886278,0.0,0.0,0.0,-3.50134512489389,0.0,3.0,0.0,0.033416295203136256,0.205450478568261,-0.013281025826601218,0.019468101474650716,-0.042219960743574474,-0.0009851875477355615,0.04519944613307979,-0.016346679894309168,-0.04756502590683998,0.0,false,1.9219569553040026,0.5059102585886275,0.07550904982430946,1.0220215893526035,2.5585045877915684,,7,0.5242033466287999,false,false,false,true,false,1.9418704960563848,0.590416402221195,0.0712121059840525,1.0116122061244748,2.6337313713439836,,5,0.3229740870992582,false,false,false,true,false,false,false,false,true,false,true,0.18250489165559192,0.5993168643145148,away_tz,true,false,flagged
20182019,2018020020,2018-10-06,NJD,EDM,0.582,0.4794,0.1027,0.5820280651521809,0.09319312638954762,-0.09995721792784673,0.27892117419917906,0.0,0.0,0.0,-0.6283975443878308,6.0,8.0,0.0,0.033416295203136256,0.0,0.1184501355782361,0.019468101474650716,-0.042219960743574474,-0.0009851875477355615,0.002091713631675769,0.3459663867781049,-0.14256899724737201,0.0,false,2.1177923046202127,0.6247057119057493,0.07198199633457279,1.01661812987506,2.861251407245012,,4,0.09510776308261956,false,false,false,true,true,2.102603547373898,0.5856222804768745,0.07541173836635016,1.0037834043407627,2.7740935245814433,,8,0.554312286440298,false,false,false,true,false,false,false,false,true,true,true,0.3309890152066814,-0.08244667056018094,home_tz,false,true,flagged
20182019,2018020035,2018-10-08,ANA,DET,0.7199,0.6384,0.0816,0.7199306128386133,0.44118683333938724,0.10772888839686123,0.5990070662322964,0.0,1.0,1.0,0.4759818619218806,0.0,0.0,0.0,0.033416295203136256,0.1947161250354863,0.5840320556996856,0.019468101474650716,0.1321891968864809,0.0034224299692913766,-0.014479174173688422,-0.016346679894309168,0.009437356897479245,0.0,false,1.9881515903739557,0.49005474522384956,0.07633781230205883,1.036590908221713,2.648017238363982,0.007012311202927769,2,0.8786901945762632,false,false,false,false,false,1.857433265084384,0.5177452670960364,0.06998123070086691,1.001268034915422,2.4482603108344057,0.01614242945145293,1,0.887373026091147,false,false,false,false,false,false,false,false,false,false,false,0.9439656312091943,0.5684264176175774,delta_g_hat,false,false,""
20182019,2018020067,2018-10-13,DAL,ANA,0.5029,0.6125,-0.1096,0.5029009841768657,-0.127791144729189,-0.2507324828122557,0.19195416292666057,0.0,0.0,1.0,-1.9577340984188079,0.0,2.0,0.0,0.033416295203136256,0.19785640287558215,-0.17720544442031422,0.019468101474650716,-0.042219960743574474,0.0034224299692913766,0.022038017199599396,-0.016346679894309168,-0.02856423163873357,0.0,false,2.0321982438380757,0.5594614209462236,0.0739104841858082,1.0258075611913386,2.7343620136994593,0.0009169753542505737,2,0.15122640179475497,false,false,false,false,false,1.9866358016611736,0.5336555767011092,0.07277583436123322,1.0240196431177513,2.6553517617534768,0.01782174765745278,2,0.8475595024155881,false,false,false,false,false,false,false,false,false,false,false,0.011600130077292175,0.4578330936254806,delta_g_hat,true,false,""
20182019,2018020072,2018-10-14,STL,ANA,0.484,0.6041,-0.1201,0.4840185022100748,-0.18379868861000134,-0.3109340267547336,0.18309200908412882,1.0,1.0,0.0,-0.46039836940742473,0.0,0.0,0.0,0.033416295203136256,0.1961860200410031,-0.2521381207892969,-0.16561532118972722,0.1321891968864809,-0.0009851875477355615,-0.0004290645212748144,-0.016346679894309168,0.009437356897479245,0.0,false,2.0167248328907466,0.5353965382563924,0.06825970157257845,1.034419299959416,2.7105727548696334,0.02532671993979468,1,0.2965212279013255,false,false,false,false,false,1.998837985286634,0.4811460033239568,0.0733615792290324,1.0272412883017414,2.6229019905871165,0.02005274008302196,2,0.4620941999043748,false,false,false,false,false,false,false,false,false,false,false,-0.06402185876493102,0.4225780930326105,delta_g_hat,true,true,""
20182019,2018020079,2018-10-16,NYR,COL,0.5607,0.4324,0.1283,0.5606957956181752,0.03945179999218716,-0.2066448786139654,0.18152212811045132,0.0,0.0,0.0,-2.6207276007425793,0.0,2.0,0.0,0.033416295203136256,0.20138687818456313,0.04654943900166499,0.019468101474650716,-0.042219960743574474,-0.0009851875477355615,0.03198603948245213,-0.016346679894309168,-0.02856423163873357,0.0,false,2.078852441755155,0.5231049873863949,0.07592404821597948,1.0206545247418246,2.733191846587284,0.026719396492913203,2,0.8172166457865044,false,false,false,false,false,2.0448019243023197,0.5103852173998671,0.07399886982418635,1.0429644045822062,2.7421474230474696,0.0002897913289159615,1,0.7449583325659106,false,false,false,false,false,false,false,false,false,false,false,0.24400345214789282,-0.27206585952083434,delta_g_hat,true,true,""
20182019,2018020089,2018-10-17,ANA,NYI,0.683,0.5791,0.1039,0.6830221509497421,0.3688159373819546,-0.05784409357043119,0.46213125601102023,0.0,0.0,-1.0,-0.3035141383167547,2.0,2.0,0.0,0.033416295203136256,0.20522335799493627,0.48720679700146463,0.019468101474650716,-0.042219960743574474,-0.005392805064762499,-0.0027830662139732205,0.10442434232982885,-0.02856423163873357,0.0,false,2.026235740535282,0.4945113951503752,0.0728167744539153,1.028078832693025,2.6663881572510495,0.006346884456839124,2,0.7392803305227714,false,false,false,false,false,1.8694992831206168,0.5386007609530858,0.0690519681076955,1.033245483904573,2.559506129531555,0.01402337397946174,3,0.5522636931932214,false,false,false,false,false,false,false,false,false,false,false,0.7675930856935096,0.31907989845521906,delta_g_hat,false,false,""
20182019,2018020090,2018-10-18,TOR,PIT,0.4888,0.5729,-0.0841,0.4888367524745184,-0.18925816686383234,-0.2869797133851284,0.05212611174525694,0.0,0.0,1.0,-0.35979689528381953,0.0,0.0,0.0,0.033416295203136256,0.20952399101273228,-0.2594423746235375,0.019468101474650716,-0.042219960743574474,0.0034224299692913766,-0.0019385600182317748,-0.016346679894309168,0.009437356897479245,0.0,false,2.1410836831615563,0.594590237257087,0.07090672920043452,1.0373190726089168,2.911319636664993,0.004958067883770861,1,0.1493053757844084,false,false,false,false,false,2.301520875470121,0.5444175994601677,0.07591539763137684,1.0383095380236815,3.0337887445922074,0.006639852845182204,0,0.46097694531434974,false,false,false,false,false,false,false,false,false,false,false,-0.04480749520593945,0.2936930035671112,delta_g_hat,true,true,""
20182019,2018020095,2018-10-18,CHI,ARI,0.5019,0.5863,-0.0843,0.5019355684215684,-0.1552486225260794,-0.2631013149195387,0.13648763801692665,0.0,0.0,2.0,-0.5549875109114456,0.0,0.0,0.0,0.033416295203136256,0.20952399101273228,-0.21394089388121773,0.019468101474650716,-0.042219960743574474,0.007830047486318313,0.000990217695066405,-0.016346679894309168,0.009437356897479245,0.0,false,2.0164227390207223,0.4737483214323428,0.07165929514602995,1.0517252079979638,2.6943415635979555,0.00850035806628227,0,0.0,false,false,false,false,true,2.05708898115254,0.494638941245187,0.06923375989299425,1.0112001129421158,2.650316749149335,0.008326410004574514,0,0.7611357623541137,false,false,false,false,false,false,false,false,false,true,true,0.0076000365816504155,0.3486905305028037,delta_g_hat,true,false,flagged
20182019,2018020096,2018-10-18,EDM,BOS,0.5769,0.4548,0.1221,0.5769413184491281,-0.08477186368843705,-0.3186401051275114,-0.0037327076214230814,0.0,1.0,1.0,0.9127734497949441,1.0,0.0,0.0,0.033416295203136256,0.20952399101273228,-0.11964980743839437,0.019468101474650716,0.1321891968864809,0.0034224299692913766,-0.021033103335730025,0.04403883121775984,0.009437356897479245,0.0,false,1.9668532453726202,0.530787056979374,0.07128055777910054,1.0036755175437873,2.5783629738211076,0.00880844479928479,2,0.866517799051341,false,false,false,false,false,1.999612013231436,0.46999748906616107,0.07475531299480478,1.071543332379539,2.7263971529676705,0.0030957658731260405,1,0.6177630436403118,false,false,false,false,false,false,false,false,false,false,false,0.3100603835368218,-0.18129493794599663,away_back_to_back,false,true,sample
20182019,2018020113,2018-10-20,VGK,ANA,0.5232,0.6254,-0.1021,0.523235361156982,-0.08289310058628542,-0.21971195415621247,0.22397487603300315,0.0,0.0,1.0,-0.35436314901659444,0.0,0.0,0.0,0.033416295203136256,0.2056560696313143,-0.11713620413154155,0.019468101474650716,-0.042219960743574474,0.0034224299692913766,-0.0020200917809960585,-0.016346679894309168,0.009437356897479245,0.0,false,1.9165068790050235,0.509106071008701,0.0716544548178972,1.0386348875076101,2.593749050093713,0.013861476887370607,0,0.7929487503009531,false,false,false,false,false,1.8734942006668593,0.4884298152611028,0.07150278591509304,1.0287780342086614,2.5034560415907685,0.032942162503579786,2,0.739001714869148,false,false,false,false,false,false,false,false,false,false,false,0.09286668439184886,0.5125326550137526,delta_g_hat,true,false,""
20182019,2018020115,2018-10-21,NYR,CGY,0.5472,0.4434,0.1039,0.5472374470652368,-0.014456264063870943,-0.1834386935293142,0.0767297965420366,0.0,0.0,2.0,-2.9262313623690868,0.0,2.0,0.0,0.033416295203136256,0.20526425446646507,-0.02557433643450226,0.019468101474650716,-0.042219960743574474,0.007830047486318313,0.036570033469578204,-0.016346679894309168,-0.02856423163873357,0.0,false,2.0004822909706323,0.5124506992508976,0.07707280766953013,1.017808539800683,2.636130019226803,0.01975535078564962,2,0.8524023601925244,false,false,false,false,false,2.112984328679046,0.5678531725753048,0.0736360679185949,0.9925848126671083,2.7340486316540296,0.008029028131819126,0,0.1754484280959868,false,false,false,false,false,false,false,false,false,false,false,0.18936383941936766,-0.22737455190957923,away_back_to_back,true,true,""
20182019,2018020122,2018-10-23,NYR,FLA,0.5488,0.422,0.1269,0.5488485072526881,-0.009563490429563056,-0.38541578477703275,0.04684006567958976,0.0,0.0,-1.0,-1.724359946277629,0.0,0.0,0.0,0.033416295203136256,0.19854986979644243,-0.019028278566539086,0.019468101474650716,-0.042219960743574474,-0.005392805064762499,0.018536306764119808,-0.016346679894309168,0.009437356897479245,0.0,false,1.9976285246314982,0.5059716349155464,0.07616157400822426,1.0125582979356218,2.6121591500081722,0.0071078239808809035,1,0.0103152854859802,false,false,false,false,true,2.0619481680250025,0.5619774240579186,0.07244451098512461,1.0354211601225274,2.7918786602384147,0.007194116939409407,1,0.3336180854546295,false,false,false,false,false,false,false,false,false,true,true,0.19582337622782617,-0.31456855463636585,away_back_to_back,true,true,flagged
20182019,2018020127,2018-10-23,CHI,ANA,0.4399,0.5791,-0.1392,0.4399201929188182,-0.3248199382066831,-0.47865286838148124,0.13536197252036475,0.0,0.0,0.0,-2.78283200419547,0.0,2.0,0.0,0.033416295203136256,0.19854986979644243,-0.440810912434386,0.019468101474650716,-0.042219960743574474,-0.0009851875477355615,0.034418368324357414,-0.016346679894309168,-0.02856423163873357,0.0,false,1.9328595133492001,0.4931415676767639,0.06797519005460144,1.0518043079539685,2.623174985857513,0.01992987770306906,3,0.26140191662125994,false,false,false,false,false,2.0538571197891535,0.49619352270951905,0.0707684525014183,1.0303726337091452,2.700420273390462,0.0009467324820820987,2,0.7680441345258593,false,false,false,false,false,false,false,false,false,false,false,-0.24156791086111262,0.31907989845521906,delta_g_hat,true,true,sample
20182019,2018020133,2018-10-24,VGK,VAN,0.6512,0.7361,-0.0849,0.6512035173881654,0.30280582611062246,0.20159869316208745,0.3431394848865281,0.0,0.0,2.0,-1.5998220997628798,0.0,0.0,0.0,0.033416295203136256,0.1976246482694402,0.39889165296477297,0.019468101474650716,-0.042219960743574474,0.007830047486318313,0.01666765304753753,-0.016346679894309168,0.009437356897479245,0.0,false,2.020194004167901,0.4788238139183364,0.07402653812338147,1.0359187593248746,2.6654649171725393,0.016153488002829203,1,0.8542000848148615,false,false,false,false,false,1.8088348394498028,0.4961504255136189,0.06970111969949092,1.0335403414893118,2.454334176934526,0.006522542780557999,1,0.4092495718173067,false,false,false,false,false,false,false,false,false,false,false,0.624318122653506,1.0257957355553817,delta_g_hat,true,false,""
20182019,2018020137,2018-10-25,STL,CBJ,0.4644,0.5648,-0.1004,0.4644016926355865,-0.2235141856656554,-0.27007319626702087,0.06756237100341389,0.0,0.0,1.0,0.7310236317792712,0.0,1.0,0.0,0.033416295203136256,0.1925023615066666,-0.30527361435847944,0.019468101474650716,-0.042219960743574474,0.0034224299692913766,-0.01830600083293448,-0.016346679894309168,-0.009563437370627162,0.0,false,2.0219336919177207,0.5089977851694477,0.07086060441118872,1.0352302079319282,2.6934537575251887,0.016008455579713764,1,0.8520285832183458,false,false,false,false,false,2.074659218952706,0.4796853633424402,0.07094693996138099,1.0095161402273434,2.650274164519976,0.026095008140309524,2,0.2165702330049973,false,false,false,false,false,false,false,false,false,false,false,-0.14264136399328126,0.26066599063729934,delta_g_hat,true,true,""
20182019,2018020140,2018-10-25,DAL,ANA,0.5036,0.5954,-0.0918,0.5035738525610555,-0.13938235190273282,-0.27497543171043404,0.055806730003809424,0.0,0.0,0.0,-1.2922058033519903,0.0,0.0,0.0,0.033416295203136256,0.1925023615066666,-0.19271335845613305,0.019468101474650716,-0.042219960743574474,-0.0009851875477355615,0.012051961098011104,-0.016346679894309168,0.009437356897479245,0.0,false,1.9705810021758394,0.579807896067977,0.07223484771816983,1.0206863674542408,2.6768763044651736,0.006879609871097394,2,0.7593840721979769,false,false,false,false,false,1.9399414134445445,0.5376616804798441,0.07377388880851282,1.0203535134987332,2.6033064685913123,0.0068710111628187635,1,0.8079150339999067,false,false,false,false,false,false,false,false,false,false,false,0.014400248839740233,0.38633452384803113,delta_g_hat,true,false,""
20182019,2018020164,2018-10-28,ANA,SJS,0.5588,0.4058,0.1531,0.5588167590233644,-0.029809511790694555,-0.22119245319326097,0.015462900876714869,0.0,0.0,1.0,-1.6002786145002135,2.0,3.0,0.0,0.033416295203136256,0.19549117693659662,-0.04611549684630583,0.019468101474650716,-0.042219960743574474,0.0034224299692913766,0.01667450291674971,0.10442434232982885,-0.04756502590683998,0.0,false,1.8594837071351784,0.5002793177127349,0.077585049006621,1.0212012447875933,2.489022887000893,0.016415688542562076,4,0.8144643257830042,false,false,false,true,false,2.061774860790479,0.5682143298839559,0.06984401373881714,0.996960493826429,2.691627044720826,0.00741028566170443,1,0.7202409165361509,false,false,false,false,false,false,false,false,true,false,true,0.23629334000345914,-0.381355535636793,home_tz,true,true,flagged
20182019,2018020176,2018-10-30,ANA,PHI,0.5958,0.4922,0.1036,0.5957721723601231,0.15664148526424282,-0.053330182960265926,0.31955974905484386,0.0,0.0,-1.0,-3.8225487412211643,0.0,3.0,0.0,0.033416295203136256,0.1945994819817504,0.20333790269436217,0.019468101474650716,-0.042219960743574474,-0.005392805064762499,0.050019011817143105,-0.016346679894309168,-0.04756502590683998,0.0,false,1.9102593783680617,0.5019923501871273,0.07711146564563721,1.0243320384433514,2.5499344751415847,0.014654734102934901,2,0.17220484861347568,false,false,false,false,false,1.9149164963545235,0.5871359881032275,0.07173290149761362,1.0140273645316908,2.6098888117904995,0.003174807672680033,2,0.8117738944665188,false,false,false,false,false,false,false,false,false,false,false,0.38799523530966123,-0.031202531313622626,delta_g_hat,false,true,""
20182019,2018020177,2018-10-30,SJS,NYR,0.6261,0.731,-0.105,0.6260884523285631,0.24913353218252451,0.21926905094281457,0.507232415547259,0.0,0.0,0.0,0.04343717174700947,0.0,0.0,0.0,0.033416295203136256,0.1945994819817504,0.3270833151548924,0.019468101474650716,-0.042219960743574474,-0.0009851875477355615,-0.007988968461102261,-0.016346679894309168,0.009437356897479245,0.0,false,2.1355538191754313,0.5631747298544789,0.07242489822289233,0.996383101625991,2.7611304668553047,0.002680449343407887,1,0.7325005218495892,false,false,false,false,false,1.84719634563526,0.4917016779011152,0.07746030721777002,1.0180395180748536,2.4599482705371076,0.012506665206699408,1,0.8178731499377704,false,false,false,false,false,false,false,false,false,false,false,0.5155217207681967,0.9997020801479394,delta_g_hat,true,false,""
20182019,2018020207,2018-11-04,OTT,TBL,0.3961,0.3034,0.0927,0.3960886260651935,-0.44137297534716224,-0.49845387030549704,-0.40668665466114495,1.0,1.0,0.0,0.17231747921084095,0.0,0.0,0.0,0.033416295203136256,0.19271193805172998,-0.5967476025069819,-0.16561532118972722,0.1321891968864809,-0.0009851875477355615,-0.009922779525580827,-0.016346679894309168,0.009437356897479245,0.0,false,1.907975772491644,0.5028141016224417,0.07461194795772672,1.0329176652134469,2.567215447171663,0.012930598042795505,1,0.6878369443799464,false,false,false,false,false,2.1620426956048857,0.49862019004158387,0.07699466519720792,1.093855133866509,2.99460076675877,0.002592667809473634,0,0.6227263947891185,false,false,false,false,false,false,false,false,false,false,false,-0.42174191668598454,-0.8311592910174689,delta_g_hat,true,false,""
20182019,2018020208,2018-11-04,NYR,BUF,0.6319,0.5412,0.0907,0.6319193395726608,0.034918317995285636,-0.21868649442045385,0.09975408069744818,0.0,1.0,2.0,3.4483782116986523,3.0,0.0,0.0,0.033416295203136256,0.19271193805172998,0.04048407859197898,0.019468101474650716,0.1321891968864809,0.007830047486318313,-0.05907910617514757,0.16480985344189786,0.009437356897479245,0.0,false,2.0534867985780907,0.4869709046197026,0.08035079538326623,1.0143013589587235,2.6582896216813405,0.0072250746511332425,1,0.8012412149480134,false,false,false,false,false,2.036234424958919,0.5845236107187315,0.07157419258843588,1.0115964797810053,2.723553804514923,0.008792789325220249,0,0.9181130720334076,false,false,false,false,false,false,false,false,false,false,false,0.5403765133944343,0.1651745110414174,home_tz,false,false,""
20182019,2018020209,2018-11-04,ANA,CBJ,0.6338,0.5389,0.0948,0.633789743897304,0.13952806660270423,-0.196861088812895,0.24645198077951092,0.0,1.0,2.0,-0.04452993567711105,0.0,0.0,0.0,0.033416295203136256,0.19271193805172998,0.18044180382487926,0.019468101474650716,0.1321891968864809,0.007830047486318313,-0.006669047916261236,-0.016346679894309168,0.009437356897479245,0.0,false,1.9657975900404425,0.4957460800316034,0.07522108606059659,1.0275322009505123,2.606607473162664,0.019099595304406802,2,0.7562038547750908,false,false,false,false,false,2.0541430846961424,0.512426780665278,0.06932012532785983,1.0110632914733895,2.6650516099480654,0.00487105635880726,0,0.7616575243615862,false,false,false,false,false,false,false,false,false,false,false,0.5485538150164101,0.15591508572679139,delta_g_hat,false,false,""
20182019,2018020216,2018-11-06,NYR,MTL,0.6195,0.5249,0.0945,0.6194502096379004,0.09564260556236204,-0.15405976023174217,0.17282674789593466,0.0,1.0,1.0,-0.007707577118119,0.0,0.0,0.0,0.033416295203136256,0.19185539908403731,0.12172730178498255,0.019468101474650716,0.1321891968864809,0.0034224299692913766,-0.007221556564035524,-0.016346679894309168,0.009437356897479245,0.0,false,1.9639371194536812,0.5002920665896908,0.07803284543058245,1.0143760456178632,2.578809706410986,0.0019989474639339477,2,0.8073631146203466,false,false,false,false,false,2.0384180472494653,0.5354978680405318,0.07426178037092748,0.9778839568824271,2.589610483560693,0.0017300865173992194,0,0.9364968150448764,false,false,false,false,false,false,false,false,false,false,false,0.4874265237674569,0.09968246006537851,away_back_to_back,false,false,""
20182019,2018020222,2018-11-06,LAK,ANA,0.4908,0.5863,-0.0955,0.4907865757842252,-0.16661149440102252,-0.25180454529665575,0.16047538929378913,0.0,0.0,1.0,-0.04452993567711105,0.0,0.0,0.0,0.033416295203136256,0.19185539908403731,-0.2291433173732971,0.019468101474650716,-0.042219960743574474,0.0034224299692913766,-0.006669047916261236,-0.016346679894309168,0.009437356897479245,0.0,false,1.9365919391163584,0.5658876457477723,0.07272353858845457,0.9964320349171335,2.5660148886268175,0.008155958429425372,0,0.8456207374347701,false,false,false,false,false,1.8429043735106647,0.4966089931991385,0.07416188825391282,1.0259945404936957,2.4764176341175013,0.030369803278543328,1,0.7722271186721776,false,false,false,false,false,false,false,false,false,false,false,-0.03680415384649504,0.3486905305028037,delta_g_hat,true,true,""
20182019,2018020226,2018-11-07,ANA,CGY,0.5265,0.4119,0.1146,0.5264928350495112,0.07888617797381776,-0.0438447630658767,0.23037259487587836,1.0,0.0,-3.0,-1.89620075623177,0.0,1.0,0.0,0.033416295203136256,0.2008861914125868,0.09930882244111615,-0.16561532118972722,-0.042219960743574474,-0.014208040098816375,0.021114727518675616,-0.016346679894309168,-0.009563437370627162,0.0,false,1.964312716647002,0.49805320907960265,0.07751352624342984,1.02641724015373,2.606976057414251,0.019908555154225245,2,0.5336455743979631,false,false,false,false,false,2.0389046263050736,0.5660076115775159,0.07108088469660102,0.9943556314589872,2.660888831182138,0.0033363324853074305,2,0.6581343263844028,false,false,false,false,false,false,false,false,false,false,false,0.10609941894789715,-0.3561164000238754,home_back_to_back,true,true,""
20182019,2018020241,2018-11-09,ANA,MIN,0.6151,0.4999,0.1152,0.6151123285621466,0.07651062942008953,-0.11694065644812612,0.14887085840960923,0.0,1.0,1.0,-0.04452993567711105,0.0,0.0,0.0,0.033416295203136256,0.19956156252558313,0.0961305682517496,0.019468101474650716,0.1321891968864809,0.0034224299692913766,-0.006669047916261236,-0.016346679894309168,0.009437356897479245,0.0,false,1.8171429339833438,0.5009826483965181,0.07545203398348467,1.026151395884331,2.4561730121887377,0.033179308182772344,2,0.7672128036528474,false,false,false,false,false,2.027125467370027,0.5666312583245033,0.0723634758928016,0.9951891264915099,2.653293834539065,0.01606819033683135,0,0.5131100628524567,false,false,false,false,false,false,false,false,false,false,false,0.46880129592462205,-0.0004000000053332903,away_back_to_back,false,true,""
20182019,2018020263,2018-11-12,ANA,NSH,0.52,0.4058,0.1142,0.5199816030824884,-0.07926443981614113,-0.3110897266155108,0.05172906198117788,0.0,0.0,1.0,-1.9577340984188079,0.0,2.0,0.0,0.033416295203136256,0.20131741855738097,-0.11228140700419961,0.019468101474650716,-0.042219960743574474,0.0034224299692913766,0.022038017199599396,-0.016346679894309168,-0.02856423163873357,0.0,false,1.938274000862808,0.5231606808688958,0.07999375992763563,1.0192472350550013,2.590343912251422,0.0013243620154128402,4,0.7530699890093738,false,false,false,true,false,2.082689174276788,0.5598000915084118,0.07571722218691415,1.0458734839675081,2.842900089718479,0.0070210174696025834,2,0.41921898719056483,false,false,false,false,false,false,false,false,true,false,true,0.08004270767353656,-0.381355535636793,delta_g_hat,true,true,flagged
20182019,2018020276,2018-11-14,VGK,ANA,0.5156,0.631,-0.1154,0.5156088893169555,-0.19824638199160471,-0.3184728121131317,-0.00784548764554982,0.0,0.0,1.0,3.4647388868716402,3.0,0.0,0.0,0.033416295203136256,0.20531331504985262,-0.271467737077164,0.019468101474650716,-0.042219960743574474,0.0034224299692913766,-0.05932459328869082,0.16480985344189786,0.009437356897479245,0.0,false,1.8979085838927383,0.4942604313448102,0.07160614281019272,1.0076514897069029,2.4826267083096667,0.03488606067299119,1,0.833837026000541,false,false,false,false,false,1.8746837281191877,0.4810176328730797,0.07314918641499712,1.0202647247463348,2.4780705352004575,0.014275329901006991,1,0.8134456070419652,false,false,false,false,false,false,false,false,false,false,false,0.062420259386094974,0.536509218500686,delta_g_hat,true,false,""
20182019,2018020291,2018-11-16,ANA,TOR,0.6365,0.4548,0.1817,0.636543953985407,0.1398654669374023,-0.17611514500267544,0.33822098254528266,0.0,1.0,1.0,-0.18042899094958104,0.0,0.0,0.0,0.033416295203136256,0.20925560809094113,0.1808932128375744,0.019468101474650716,0.1321891968864809,0.0034224299692913766,-0.004629922607595759,-0.016346679894309168,0.009437356897479245,0.0,false,2.0095402052846594,0.48709094059477587,0.07875343245412468,1.0175142897094083,2.6204906099516365,0.014619514146908465,0,0.8174244601461497,false,false,false,false,false,2.0121682387481417,0.6069674297357992,0.07011178057298845,1.0010697970045408,2.6921243979223997,0.006671838651619352,0,0.4505533975524381,false,false,false,false,false,false,false,false,false,false,false,0.560205121023887,-0.18129493794599663,delta_g_hat,false,true,""
20182019,2018020296,2018-11-17,NYR,FLA,0.5125,0.4324,0.0801,0.5125396175557838,-0.11560458031466656,-0.29291344271504904,0.0170925231695489,0.0,0.0,0.0,-0.7604965312402663,0.0,0.0,0.0,0.033416295203136256,0.20430316250122854,-0.16090099998214244,0.019468101474650716,-0.042219960743574474,-0.0009851875477355615,0.004073820032634958,-0.016346679894309168,0.009437356897479245,0.0,false,1.943747384163888,0.4900372997317585,0.07600323322939583,1.0169777505392437,2.552398470288399,0.012251058748374108,2,0.8134456070419652,false,false,false,false,false,2.0264651920953356,0.5490027657738956,0.07436995083085335,1.041451016164348,2.759676382686514,0.006157503842151106,2,0.5061031052367705,false,false,false,false,false,false,false,false,false,false,false,0.0500104205746612,-0.27206585952083434,delta_g_hat,true,true,sample
20182019,2018020298,2018-11-17,VAN,MTL,0.5231,0.4324,0.0907,0.5230839528023427,-0.13331848377112995,-0.14872116736052954,-0.043020193651187366,0.0,0.0,0.0,1.6315599955293951,2.0,1.0,0.0,0.033416295203136256,0.20430316250122854,-0.1846004894251943,0.019468101474650716,-0.042219960743574474,-0.0009851875477355615,-0.031818283806607596,0.10442434232982885,-0.009563437370627162,0.0,false,1.8950699743828643,0.49190746165683513,0.07477112152940334,1.013324063502309,2.494549051676871,0.0023036046450873038,1,0.8497489407429222,false,false,false,false,false,2.036885407498027,0.4864651960482513,0.07720802656311586,0.9836685621465338,2.5580877684574674,0.011805767557713093,0,0.7141268089040502,false,false,false,false,false,false,false,false,false,false,false,0.09246582507238674,-0.27206585952083434,delta_g_hat,true,true,""
20182019,2018020307,2018-11-18,ANA,COL,0.5941,0.4434,0.1507,0.5941078552242153,0.1421808792324456,-0.10719758189651873,0.20666261487165416,0.0,0.0,0.0,-1.3209573563418557,0.0,1.0,0.0,0.033416295203136256,0.20204752590888111,0.18399101052951503,0.019468101474650716,-0.042219960743574474,-0.0009851875477355615,0.012483369684682478,-0.016346679894309168,-0.009563437370627162,0.0,false,1.9611485922340819,0.5152515123445145,0.079388832604756,1.0149740675888692,2.59405949347162,0.00154895434103711,1,0.17897685151773968,false,false,false,false,false,1.8948697010707827,0.5191101546507554,0.07472520294912004,1.0516593617915204,2.6172699736889125,0.011351066602309196,2,0.27558267406417736,false,false,false,false,false,false,false,false,false,false,false,0.3809408315168436,-0.22737455190957923,delta_g_hat,false,true,""
20182019,2018020320,2018-11-21,NYR,NYI,0.5852,0.4794,0.1058,0.585159236208424,0.12145935249467815,-0.03169660990131984,0.20539135335397285,0.0,0.0,-1.0,-0.007707577118119,0.0,0.0,0.0,0.033416295203136256,0.1972875193447844,0.15626761204918463,0.019468101474650716,-0.042219960743574474,-0.005392805064762499,-0.007221556564035524,-0.016346679894309168,0.009437356897479245,0.0,false,1.968656638360226,0.476777931270184,0.07690689443588931,1.0179413512556765,2.5675956782598703,0.002810745854991331,1,0.17897685151773968,false,false,false,false,false,1.8930952349365577,0.54253868368682,0.0729033412613726,1.0362930968499389,2.5995798456094277,0.004483313045457654,2,0.3299379579214639,false,false,false,false,false,false,false,false,false,false,false,0.3441571927905972,-0.08244667056018094,delta_g_hat,false,true,""
20182019,2018020331,2018-11-21,LAK,COL,0.5497,0.4434,0.1063,0.549666037208045,-0.048941263799727096,-0.17269777196030578,0.027755209924533286,0.0,0.0,-1.0,2.5100085189640007,2.0,0.0,0.0,0.033416295203136256,0.1972875193447844,-0.07171193051094303,0.019468101474650716,-0.042219960743574474,-0.005392805064762499,-0.04499914524014688,0.10442434232982885,0.009437356897479245,0.0,false,2.0063951781353833,0.5664774403523853,0.0785342958586909,0.9915076971878927,2.6288903639517143,0.006912285608896587,0,0.5392401277699516,false,false,false,false,false,1.8775557941853567,0.4930025017442535,0.07696175568336024,1.057380271173682,2.5879594158775463,0.01623457682057214,2,0.6491848394105307,false,false,false,false,false,false,false,false,false,false,false,0.19945864755908857,-0.22737455190957923,home_tz,true,true,""
20182019,2018020337,2018-11-23,ANA,EDM,0.5663,0.4845,0.0817,0.5662578180972223,0.05110646144753335,-0.21851606324017414,0.13516931781528818,0.0,0.0,-1.0,-0.5347921399661755,0.0,0.0,0.0,0.033416295203136256,0.20632440834095908,0.06214224872890431,0.019468101474650716,-0.042219960743574474,-0.005392805064762499,0.0006871921005924598,-0.016346679894309168,0.009437356897479245,0.0,false,1.890297238909819,0.4919384733650281,0.07537407231298918,1.015131425596296,2.494796924188056,0.0015399046643519848,1,0.8063450071313792,false,false,false,false,false,1.95059626880192,0.5478675112397772,0.0714348719349314,1.0252231859658165,2.6347196835887363,0.0043709177328696254,0,0.4733150255417088,false,false,false,false,false,false,false,false,false,false,false,0.26677092227843885,-0.062019872126193885,delta_g_hat,false,true,""
20182019,2018020360,2018-11-25,NSH,ANA,0.5736,0.7024,-0.1288,0.5735827213880845,0.07217914864976657,0.0019328853456763717,0.36718854902794185,0.0,0.0,0.0,-2.424786213697033,0.0,2.0,0.0,0.033416295203136256,0.21390724987546783,0.09033546594460706,0.019468101474650716,-0.042219960743574474,-0.0009851875477355615,0.029045996665093922,-0.016346679894309168,-0.02856423163873357,0.0,false,2.0052557821276484,0.5643082804145926,0.07567609274720004,1.0296794115806984,2.723749326588067,0.013470260603112294,2,0.6710009894928268,false,false,false,false,false,1.8180597306203456,0.5038434831952054,0.08005813629147761,1.014891758053353,2.437730777386327,0.0016448005875125266,2,0.8094329774204543,false,false,false,false,false,false,false,false,false,false,false,0.2965544164337758,0.8587527393619702,delta_g_hat,true,false,""
20182019,2018020370,2018-11-27,TBL,ANA,0.5831,0.6905,-0.1073,0.5831375354905887,0.10198905787662343,-0.004769040436274796,0.4390517337947477,0.0,0.0,0.0,-1.0001690806014636,0.0,1.0,0.0,0.033416295203136256,0.21601090782199908,0.1302182411192934,0.019468101474650716,-0.042219960743574474,-0.0009851875477355615,0.007670036063827613,-0.016346679894309168,-0.009563437370627162,0.0,false,2.0489307211841084,0.5402136588893295,0.07609578548721539,1.1122708738841611,2.964469008059314,0.0015855156726052866,0,0.7600054457024669,false,false,false,false,false,1.9047410073962627,0.5004556841894954,0.08223795588585678,1.0152697988795643,2.525417274264566,0.00041870546529897135,3,0.18140599980332503,false,false,false,false,false,false,false,false,false,false,false,0.3355123133413589,0.8024578807246961,delta_g_hat,true,false,""
20182019,2018020374,2018-11-27,CHI,VGK,0.5237,0.4434,0.0804,0.5237402054146096,-0.105268790846456,-0.28318434127971326,0.06989879267844712,0.0,0.0,0.0,-0.5776404169910336,1.0,2.0,0.0,0.033416295203136256,0.21601090782199908,-0.1470727134054712,0.019468101474650716,-0.042219960743574474,-0.0009851875477355615,0.0013301178806055718,0.04403883121775984,-0.02856423163873357,0.0,false,1.8630000199496883,0.4631327934106452,0.07087553556308314,1.0397016566211001,2.4921735513102847,0.009712180349283173,3,0.7464788950000989,false,false,false,false,false,2.0506782200720526,0.480288586390075,0.07253613252125425,1.0126541430830864,2.6364480376905135,0.004319773130299406,0,0.8138627034170952,false,false,false,false,false,false,false,false,false,false,false,0.09487109347862757,-0.22737455190957923,delta_g_hat,true,true,""
20182019,2018020386,2018-11-29,NSH,ARI,0.6146,0.6973,-0.0827,0.6145553999671176,0.189879250071713,0.09706033170085338,0.4559959615040241,0.0,0.0,0.0,-1.1125556529687728,0.0,0.0,0.0,0.033416295203136256,0.2092476576814208,0.24780681707572966,0.019468101474650716,-0.042219960743574474,-0.0009851875477355615,0.00935636348979,-0.016346679894309168,0.009437356897479245,0.0,false,2.0956659656688226,0.534498151308081,0.07787030296244042,1.026229292798938,2.779064247649535,0.017336226106609315,0,0.67697732015424,false,false,false,false,false,1.8512016528581037,0.5023563224113143,0.07698535341111018,1.026551481972042,2.495077856054256,0.02670954530510769,0,0.19546482940225007,false,false,false,false,false,false,false,false,false,false,false,0.46668989371611835,0.8344735181992922,delta_g_hat,true,false,""
20182019,2018020392,2018-11-30,CAR,ANA,0.5499,0.6455,-0.0955,0.5499491265418948,-0.002376706852593676,-0.16498655094434422,0.2671867786242146,0.0,0.0,1.0,0.07823435706375086,0.0,0.0,0.0,0.033416295203136256,0.21247159857710055,-0.009413057283974322,0.019468101474650716,-0.042219960743574474,0.0034224299692913766,-0.008511089980692133,-0.016346679894309168,0.009437356897479245,0.0,false,2.096551503216735,0.5430138616911602,0.07235392078764943,0.9589233264746634,2.6005226625699644,0.0005475985831651653,1,0.7299665198860757,false,false,false,false,false,1.7918971079501185,0.4708411904504303,0.07688474184966566,1.0162993257476747,2.377757318310018,0.005166374979269167,1,0.7875247799123254,false,false,false,false,false,false,false,false,false,false,false,0.20026666321488226,0.5993168643145148,away_back_to_back,true,false,""
20182019,2018020398,2018-12-01,MTL,NYR,0.5477,0.6455,-0.0978,0.5476619094748411,-0.016499456697356633,-0.07373129273275492,0.10765330960846464,0.0,0.0,2.0,-0.18541743016971296,0.0,0.0,0.0,0.033416295203136256,0.2129499069590749,-0.028307930549792935,0.019468101474650716,-0.042219960743574474,0.007830047486318313,-0.004555072545951723,-0.016346679894309168,0.009437356897479245,0.0,false,2.053964482308266,0.5154499342673474,0.0754111536258873,0.9861230658571508,2.608123499944491,0.025017165952587322,2,0.7302372423628511,false,false,false,false,false,1.88532285511959,0.4785801193972198,0.07812922994729966,1.0184351564698428,2.4870514502578005,0.015713593862001857,1,0.23952026961895334,false,false,false,false,false,false,false,false,false,false,false,0.19138201530587806,0.5993168643145148,away_back_to_back,true,false,""
20182019,2018020407,2018-12-02,WSH,ANA,0.5357,0.6589,-0.1232,0.5357239986524235,-0.046476830082473594,-0.18552911461247446,0.26048946342457535,0.0,0.0,0.0,-0.37551517952172786,0.0,0.0,0.0,0.033416295203136256,0.21166454444715824,-0.06841475657021912,0.019468101474650716,-0.042219960743574474,-0.0009851875477355615,-0.0017027117915163282,-0.016346679894309168,0.009437356897479245,0.0,false,1.9018011838095856,0.5507984454986402,0.07920936772778825,1.0781315076424818,2.7296230510372377,0.011805828434318245,0,0.6066128205003607,false,false,false,false,false,1.9383308056534543,0.5120037796327569,0.07943611542238224,1.0169437958625982,2.5726346190405818,0.05541407101855933,0,0.7905038724870735,false,false,false,false,false,false,false,false,false,false,false,0.1430434078610385,0.6583960884951744,delta_g_hat,true,false,""
20182019,2018020412,2018-12-02,LAK,CAR,0.5279,0.422,0.106,0.5279089628067176,-0.08749825270578947,-0.2666108149517883,0.10083654481751392,0.0,0.0,0.0,-1.6660180569441743,1.0,3.0,0.0,0.033416295203136256,0.21166454444715824,-0.1232974522329594,0.019468101474650716,-0.042219960743574474,-0.0009851875477355615,0.017660903893535557,0.04403883121775984,-0.04756502590683998,0.0,false,1.8349020736988078,0.5068768285223697,0.07660605588204225,1.0000723745038607,2.418559987514706,0.02467977062539783,1,0.2659737773198053,false,false,false,false,false,2.08138191669925,0.5230006719013827,0.07422000274016508,0.9537883465770407,2.554819936731916,0.0010426664277836117,1,0.22373326592979298,false,false,false,false,false,false,false,false,false,false,false,0.11171604427732969,-0.31456855463636585,delta_g_hat,true,true,""
20182019,2018020427,2018-12-05,ANA,CHI,0.6737,0.5628,0.1109,0.6736784362282305,0.3032210471508804,0.026571902459027186,0.4827934554448303,0.0,0.0,0.0,0.8885854077382678,3.0,2.0,0.0,0.033416295203136256,0.20466208374620723,0.39944717855428014,0.019468101474650716,-0.042219960743574474,-0.0009851875477355615,-0.02067016888687794,0.16480985344189786,-0.02856423163873357,0.0,false,2.0616230864091403,0.484996403371781,0.0757880487580369,1.0207072312095058,2.6767103377650354,0.03494153721019033,2,0.792923883348435,false,false,false,false,false,1.8997015314035866,0.49326753478629803,0.07202582556114459,1.0356658376755834,2.5529109994313637,0.0020504640109673955,3,0.7252664608817692,false,false,false,false,false,false,false,false,false,false,false,0.724967704367339,0.25253356893785034,delta_g_hat,false,false,""
20182019,2018020443,2018-12-07,ANA,CAR,0.597,0.4743,0.1228,0.5970315250099527,0.14545653458685817,-0.1301776314263181,0.28616683405528454,0.0,0.0,0.0,-0.5347921399661755,0.0,0.0,0.0,0.033416295203136256,0.20324503765801255,0.18837352055514414,0.019468101474650716,-0.042219960743574474,-0.0009851875477355615,0.0006871921005924598,-0.016346679894309168,0.009437356897479245,0.0,false,1.8614289526730263,0.47606838802517454,0.07753630823257257,1.0186959124747148,2.4601849066546744,0.01666028300293698,1,0.8040619301082309,false,false,false,false,false,2.080488594990751,0.5405361461308738,0.07260500475838623,0.9483898440237724,2.5546110945529374,0.03371519221967054,1,0.3058332742305216,false,false,false,false,false,false,false,false,false,false,false,0.39298055144591904,-0.10289067494186639,delta_g_hat,false,true,""
20182019,2018020445,2018-12-08,LAK,VGK,0.5225,0.3987,0.1238,0.5225442331392801,-0.07997364763929922,-0.2481197387759897,0.09225632279622609,0.0,0.0,0.0,-0.3625548413650494,0.0,0.0,0.0,0.033416295203136256,0.20284377674030002,-0.1132302584732829,0.019468101474650716,-0.042219960743574474,-0.0009851875477355615,-0.0018971778493646315,-0.016346679894309168,0.009437356897479245,0.0,false,1.8172797465823995,0.4809696792139782,0.07384126039609215,0.9928098426445693,2.3550349808973947,0.00528274331132389,1,0.4231381524402046,false,false,false,false,false,1.8769495566939807,0.46881839214654064,0.07450473872849613,1.0193469951544816,2.4670976915279392,0.0011613893073434654,0,0.8406019946029554,false,false,false,false,false,false,false,false,false,false,false,0.09006082391818092,-0.41088472365821355,delta_g_hat,true,true,""
20182019,2018020460,2018-12-09,VGK,DAL,0.4938,0.5863,-0.0925,0.4937533645193805,-0.0067115672304242065,-0.07652357978117985,0.08803212990782683,1.0,0.0,-1.0,-1.3587189951046736,0.0,2.0,0.0,0.033416295203136256,0.20184754553665168,-0.015212681179068615,-0.16561532118972722,-0.042219960743574474,-0.005392805064762499,0.013049971955342589,-0.016346679894309168,-0.02856423163873357,0.0,false,1.8724326192056113,0.5023403328231695,0.07450074672797961,1.018454158850134,2.4944729846610727,0.0008513207806249319,0,0.49023697289082213,false,false,false,false,false,1.8349466028269514,0.49053015206229894,0.07779473542197862,1.0178798063442285,2.446241519150599,0.004317923028711678,0,0.49489313185136874,false,false,false,false,false,false,false,false,false,false,false,-0.024801271199944533,0.3486905305028037,home_back_to_back,true,true,""
20182019,2018020468,2018-12-11,CAR,TOR,0.5062,0.422,0.0843,0.5062374611872251,-0.23493335809193477,-0.3299369013075051,0.0929766715397009,0.0,0.0,1.0,2.574158044209246,3.0,0.0,0.0,0.033416295203136256,0.20370404679409862,-0.32055136254256195,0.019468101474650716,-0.042219960743574474,0.0034224299692913766,-0.04596168997751971,0.16480985344189786,0.009437356897479245,0.0,false,2.2809924261310814,0.4855372777032309,0.07583957091405127,0.9577931314230218,2.7224017683218187,0.01788169029098155,1,0.6542595103488794,false,false,false,false,false,2.0482449287531366,0.5590056576332931,0.07132190730047988,1.0358862461921958,2.774696405639002,0.0033353344162412417,1,0.8079150339999067,false,false,false,false,false,false,false,false,false,false,false,0.02480127119994441,-0.31456855463636585,delta_g_hat,true,true,""
20182019,2018020478,2018-12-12,ANA,DAL,0.6037,0.5177,0.086,0.6036686411141755,0.16508540390677465,-0.016358213638796748,0.23096717541980638,0.0,0.0,0.0,-0.35436314901659444,0.0,0.0,0.0,0.033416295203136256,0.20661714019873728,0.21463504909794914,0.019468101474650716,-0.042219960743574474,-0.0009851875477355615,-0.0020200917809960585,-0.016346679894309168,0.009437356897479245,0.0,false,1.8582908683818806,0.5141087366593026,0.0777000905913637,1.0110215440642092,2.4771035773896664,0.002357675034884537,1,0.8096134900194702,false,false,false,false,false,1.8470474074485708,0.538906664219713,0.07875705073771712,1.0176912461286,2.5083149335083834,0.005425158313126089,1,0.5025813099385296,false,false,false,false,false,false,false,false,false,false,false,0.4209058856059912,0.07082959683292972,delta_g_hat,false,false,""
20182019,2018020487,2018-12-14,NJD,VGK,0.5665,0.4119,0.1545,0.5664825749610263,-0.048683683436083945,-0.08964299982025281,0.15100029401337256,0.0,0.0,2.0,4.071735263957567,3.0,0.0,0.0,0.033416295203136256,0.21512649970230113,-0.07136731289891293,0.019468101474650716,-0.042219960743574474,0.007830047486318313,-0.06843239519579433,0.16480985344189786,0.009437356897479245,0.0,false,1.9333362039003998,0.47202987839121735,0.07277420728758403,1.0242554833702402,2.5382487801622116,0.0195879663860383,2,0.2030538376430006,false,false,false,false,false,1.9312749042860935,0.45938343289281475,0.07836343434947317,1.0244505895709886,2.529390809505857,0.004138798638657539,1,0.8522849813166111,false,false,false,false,false,false,false,false,false,false,false,0.2675852842474645,-0.3561164000238754,home_tz,true,true,""
20182019,2018020497,2018-12-15,FLA,TOR,0.4886,0.3897,0.0988,0.48855826352729403,-0.20791581687409152,-0.3335808849400954,0.09740800390270588,0.0,0.0,0.0,2.091255360482352,1.0,0.0,0.0,0.033416295203136256,0.21429711646230037,-0.2844045056714491,0.019468101474650716,-0.042219960743574474,-0.0009851875477355615,-0.03871587739967857,0.04403883121775984,0.009437356897479245,0.0,false,2.1173882232188697,0.5036749688081631,0.0750130064645165,1.0537000102581386,2.840855518007269,0.003639971097456521,3,0.426194701767413,false,false,false,false,false,2.149144672351818,0.560222867484939,0.07249771365064711,1.0432019632330252,2.9020472938877973,0.0019638695671309395,1,0.8213692475168496,false,false,false,false,false,false,false,false,false,false,false,-0.04560790403344633,-0.4485734272057858,delta_g_hat,true,false,sample
20182019,2018020501,2018-12-15,CBJ,ANA,0.5376,0.6206,-0.083,0.5375952525470172,-0.027472459587411978,-0.2248201255086819,0.39108630494141616,0.0,0.0,-1.0,-3.154790775754141,0.0,3.0,0.0,0.033416295203136256,0.21429711646230037,-0.04298874705026654,0.019468101474650716,-0.042219960743574474,-0.005392805064762499,0.0399995001677298,-0.016346679894309168,-0.04756502590683998,0.0,false,1.9915781259353555,0.5091955650884199,0.07170646483488088,1.023199573978628,2.632160599543052,0.007149116549389267,0,0.764066399352769,false,false,false,false,false,1.9446222670088527,0.476579891850145,0.07889740535242762,1.01270591964431,2.53186562837707,0.012204682798358357,0,0.9024995405815268,false,false,false,false,false,false,false,false,false,false,false,0.1506844718507719,0.4920956945133661,away_tz,true,false,""
20182019,2018020505,2018-12-16,NYR,VGK,0.5126,0.3987,0.1139,0.5126306462936668,-0.11798946118488844,-0.27392156730943684,0.01215391272787425,0.0,0.0,0.0,-0.015072219238200986,0.0,0.0,0.0,0.033416295203136256,0.21904791885722635,-0.1640917399083069,0.019468101474650716,-0.042219960743574474,-0.0009851875477355615,-0.007111052277554548,-0.016346679894309168,0.009437356897479245,0.0,false,1.8006113705316296,0.4414246820646328,0.0731158872083633,1.0190558237124023,2.3592690670369687,0.021986005739612374,3,0.8645900866893038,false,false,false,false,false,1.962682911143192,0.47357543022835824,0.07452775356267494,1.0190794124218923,2.5586904183426276,0.0057574982690204515,2,0.8532395807589932,false,false,false,false,false,false,false,false,false,false,false,0.05041067273886466,-0.41088472365821355,delta_g_hat,true,true,""
20182019,2018020507,2018-12-16,STL,CGY,0.5503,0.4668,0.0834,0.5502510592342121,-0.1467479080314611,-0.19332097601051634,-0.02482439847163409,0.0,1.0,1.0,-0.7423671684817406,0.0,0.0,0.0,0.033416295203136256,0.21904791885722635,-0.2025677601211319,0.019468101474650716,0.1321891968864809,0.0034224299692913766,0.00380179428266364,-0.016346679894309168,0.009437356897479245,0.0,false,1.9350231513086065,0.4615405469259823,0.07814874711834018,1.0395032665380033,2.5724716706866197,0.0007400272129026615,1,0.8691420974407474,false,false,false,false,false,1.9818901876746509,0.5298464321170279,0.07338803040312789,1.0085568334988921,2.6072451314004055,0.004382662664904422,3,0.37226444711704415,false,false,false,false,false,false,false,false,false,false,false,0.20188289028905138,-0.13299568789215271,delta_g_hat,false,true,""
20182019,2018020522,2018-12-18,CHI,NSH,0.5197,0.4119,0.1078,0.5197453370072774,-0.2249391837323646,-0.40479911026056037,-0.1143978723657968,0.0,1.0,1.0,-1.0182933200318451,0.0,1.0,0.0,0.033416295203136256,0.21587864854612135,-0.3071801239384457,0.019468101474650716,0.1321891968864809,0.0034224299692913766,0.0079419849397687,-0.016346679894309168,-0.009563437370627162,0.0,false,1.9418785410373514,0.4583897224314944,0.07578261453466628,1.0402567378593992,2.575728609125835,0.00351161189739245,2,0.2524954822700693,false,false,false,false,false,2.137765401421032,0.5231351921791706,0.07380527075216724,1.018369236262358,2.784940322482714,0.006213254718268613,1,0.3658457730697184,false,false,false,false,false,false,false,false,false,false,false,0.07884081334361773,-0.3561164000238754,delta_g_hat,true,true,""
20182019,2018020525,2018-12-18,ARI,NYI,0.622,0.5412,0.0808,0.6220039716082156,0.019686268925741907,-0.15617048231207908,0.24420015665483552,0.0,1.0,1.0,2.1164901692991505,2.0,0.0,0.0,0.033416295203136256,0.21587864854612135,0.020105070260645768,0.019468101474650716,0.1321891968864809,0.0034224299692913766,-0.039094518275544124,0.10442434232982885,0.009437356897479245,0.0,false,1.9281685646690614,0.4957934916895274,0.07502015816737413,1.0314739217931541,2.5776349853084364,0.01436476291832714,1,0.3860587153492552,false,false,false,false,false,1.9502586485447448,0.5049605647365799,0.07490549742950098,1.0301941480576546,2.606519670830359,0.004044762191158971,1,0.6963621333485599,false,false,false,false,false,false,false,false,false,false,false,0.4980458971195918,0.1651745110414174,away_back_to_back,false,false,""
20182019,2018020527,2018-12-18,LAK,WPG,0.516,0.3897,0.1263,0.516023710530552,-0.20474543746462884,-0.27797948262303684,-0.16336984206712524,0.0,0.0,1.0,0.9698783770599316,3.0,2.0,0.0,0.033416295203136256,0.21587864854612135,-0.2801628446773211,0.019468101474650716,-0.042219960743574474,0.0034224299692913766,-0.021889945954702422,0.16480985344189786,-0.02856423163873357,0.0,false,1.8840609574646248,0.5207045445933564,0.07962157230795833,0.9999245672426964,2.4841996701987106,0.0009222504918701222,0,0.709882965374845,false,false,false,false,false,1.9268933070544612,0.5257123765758477,0.0777805772676283,1.0978973489073047,2.7781043675513124,0.005586180439963305,0,0.7449714723107667,false,false,false,false,false,false,false,false,false,false,false,0.06402185876493102,-0.4485734272057858,delta_g_hat,true,true,""
20182019,2018020551,2018-12-22,BUF,ANA,0.4043,0.5177,-0.1134,0.4042815986140651,-0.3045708257407756,-0.38354479321303847,0.0919145704735782,1.0,0.0,-1.0,-0.17275629371203552,0.0,0.0,0.0,0.033416295203136256,0.2149235938946856,-0.41371955855541687,-0.16561532118972722,-0.042219960743574474,-0.005392805064762499,-0.004745049170406943,-0.016346679894309168,0.009437356897479245,0.0,false,1.9010285620205696,0.5772677340030936,0.07218182817527491,1.0115943084705592,2.580049154318314,0.00851578464209543,0,0.7707051023853856,false,false,false,false,false,2.0487422040503036,0.47399198881824434,0.08401931865040184,1.010553027913278,2.6342626540890444,0.00341505804662525,0,0.8438568004353023,false,false,false,false,false,false,false,false,false,false,false,-0.3875800079879167,0.07082959683292972,delta_g_hat,false,true,""
20182019,2018020565,2018-12-23,VGK,LAK,0.541,0.6715,-0.1306,0.5409664208889888,-0.02317242388624512,-0.14251381659904094,0.0688921124709343,1.0,1.0,0.0,-0.6144805252622241,0.0,0.0,0.0,0.033416295203136256,0.2078861890910733,-0.03723571520412277,-0.16561532118972722,0.1321891968864809,-0.0009851875477355615,0.0018828928575849646,-0.016346679894309168,0.009437356897479245,0.0,false,1.857223814411507,0.4459135246784366,0.07184250447859838,1.022087132328803,2.42743633765168,0.009036290323973713,2,0.5632975442430883,false,false,false,false,false,1.848070549575239,0.46472553101322644,0.07163065877657195,0.9990276887719571,2.382108334473907,0.022186573278969987,1,0.5661275954859174,false,false,false,false,false,false,false,false,false,false,false,0.16436906878593652,0.7149771780386269,home_back_to_back,true,false,""
20182019,2018020586,2018-12-29,LAK,VGK,0.5543,0.422,0.1324,0.5543219822986362,0.01503980848620256,-0.072620362720341,0.14557547057241038,0.0,0.0,0.0,-0.3625548413650494,0.0,0.0,0.0,0.033416295203136256,0.20372523709190904,0.013888555622578173,0.019468101474650716,-0.042219960743574474,-0.0009851875477355615,-0.0018971778493646315,-0.016346679894309168,0.009437356897479245,0.0,false,1.8295876666273148,0.47917261866412014,0.07182510488861989,0.9958070083327293,2.3706036154758037,0.0036767831802674866,1,0.7400126214783586,false,false,false,false,false,1.8413619946765651,0.44801624685775954,0.07354590505330184,1.022751753210031,2.416684813624811,0.0011184743654514204,1,0.12009831979723004,false,false,false,false,false,false,false,false,false,false,false,0.21805997647324898,-0.31456855463636585,away_back_to_back,true,true,sample
20182019,2018020611,2018-12-31,ANA,TBL,0.4928,0.3897,0.1031,0.49277492501529885,-0.15632973680620185,-0.6388045359688292,-0.08537716456287336,0.0,0.0,0.0,-3.4258155070902467,0.0,3.0,0.0,0.033416295203136256,0.1948686659269062,-0.21538732021697524,0.019468101474650716,-0.042219960743574474,-0.0009851875477355615,0.044066146457754966,-0.016346679894309168,-0.04756502590683998,0.0,false,1.9108831485470101,0.4728183296984828,0.08320738238851946,1.0072920686939721,2.484897729507524,0.0029822688791919048,1,0.864720177833608,false,false,false,false,false,2.0793095631056846,0.5263742262893196,0.07447043001217084,1.1262771706280075,3.0185965110806294,0.0010455776620558188,1,0.5981248561770681,false,false,false,false,false,false,false,false,false,false,false,-0.028801990903706078,-0.4485734272057858,delta_g_hat,true,false,sample
20182019,2018020614,2019-01-01,VGK,LAK,0.6139,0.7168,-0.1029,0.6138507813848185,0.042750307993515896,-0.11255286526852126,0.11850756824560538,0.0,1.0,1.0,-0.5884549745869365,1.0,1.0,0.0,0.033416295203136256,0.1891435253194621,0.05096252365844,0.019468101474650716,0.1321891968864809,0.0034224299692913766,0.001492387132968015,0.04403883121775984,-0.009563437370627162,0.0,false,1.8519393563298032,0.4487126731822135,0.07270298178968297,1.0286066939054046,2.4412488516388655,0.0012672036999375478,2,0.8181533535208437,false,false,false,false,false,1.8404101508113804,0.4774831798712304,0.0716954098775685,0.9951422447624576,2.3779807033401505,0.017473487137473473,0,0.48568949821219076,false,false,false,false,false,false,false,false,false,false,false,0.46373564516326,0.9286434998411559,away_back_to_back,true,false,sample
20182019,2018020628,2019-01-03,LAK,TBL,0.4435,0.3404,0.1031,0.44353401212655097,-0.2943347880818604,-0.4634478566297173,-0.2554582208284333,0.0,0.0,-1.0,0.3180249056879384,0.0,0.0,0.0,0.033416295203136256,0.1866356668417953,-0.4000247302510644,0.019468101474650716,-0.042219960743574474,-0.005392805064762499,-0.01210907655608088,-0.016346679894309168,0.009437356897479245,0.0,false,1.9004064698083358,0.5020025860119367,0.08102966875845526,0.993934194679458,2.468374668749938,0.012265745720346255,1,0.721447707849462,false,false,false,false,false,2.074084325418193,0.5007964995252705,0.07518361179548595,1.1268615142854492,2.986255624137668,0.005471418884847701,1,0.6669178349471223,false,false,false,false,false,false,false,false,false,false,false,-0.2269693689659653,-0.6615121939862249,delta_g_hat,true,false,""
20182019,2018020635,2019-01-04,ANA,VGK,0.5688,0.422,0.1469,0.5688079970379721,0.06863893553661857,-0.27206716022869326,0.21927689236184378,0.0,0.0,1.0,-0.35436314901659444,0.0,0.0,0.0,0.033416295203136256,0.18777474062700722,0.08559900322720464,0.019468101474650716,-0.042219960743574474,0.0034224299692913766,-0.0020200917809960585,-0.016346679894309168,0.009437356897479245,0.0,false,1.8341282756334683,0.45075384712703326,0.0753580854716965,1.0064702995463586,2.37551166938082,0.0003620646377281156,0,0.8451957602879725,false,false,false,false,false,1.8697322183309475,0.48391658311415375,0.07302448254972564,1.0224317827121927,2.481107891814882,0.0112269489873166,2,0.8197952645505394,false,false,false,false,false,false,false,false,false,false,false,0.27695685889424354,-0.31456855463636585,delta_g_hat,true,true,""
20182019,2018020636,2019-01-05,PHI,CGY,0.5153,0.4119,0.1034,0.5153046901520962,-0.09299491373432324,-0.14121541009528427,-0.03095301817732299,0.0,0.0,0.0,-0.43991771011709485,0.0,0.0,0.0,0.033416295203136256,0.1898954734346601,-0.13065145302323913,0.019468101474650716,-0.042219960743574474,-0.0009851875477355615,-0.000736370783362764,-0.016346679894309168,0.009437356897479245,0.0,false,1.9730805343981088,0.5371630774779199,0.08100604522665233,1.0040883500760114,2.6018435928352615,0.014525077857150098,1,0.5321718391276449,false,false,false,false,false,1.9781412789687358,0.5406748389884684,0.07667180747962124,1.0088584969713474,2.618480047363476,0.019902464836308503,0,0.09674386197876308,false,false,false,false,true,false,false,false,false,true,true,0.06121911248284818,-0.3561164000238754,delta_g_hat,true,true,flagged
20182019,2018020637,2019-01-05,OTT,MIN,0.4452,0.3648,0.0804,0.44522556778279465,-0.3054443896490492,-0.412237549679066,-0.2726289307004186,0.0,0.0,1.0,-0.32985852175047065,0.0,0.0,0.0,0.033416295203136256,0.1898954734346601,-0.41488830256900167,0.019468101474650716,-0.042219960743574474,0.0034224299692913766,-0.002387776497696878,-0.016346679894309168,0.009437356897479245,0.0,false,1.7856713463557146,0.46998623551629604,0.07533895301668192,1.0338511558171877,2.409903461800534,0.006889897805102796,2,0.2797882340133414,false,false,false,false,false,2.1340111331119354,0.5194909138864671,0.07705616671286655,1.0010569065077883,2.7334441584572353,0.013109863533998511,1,0.8359447169142102,false,false,false,false,false,false,false,false,false,false,false,-0.22008406903928673,-0.5545906517327497,delta_g_hat,true,false,""
20182019,2018020639,2019-01-05,TOR,VAN,0.6402,0.7257,-0.0855,0.6401894647038745,0.29265090151834844,0.20902318470581172,0.5874622585435514,0.0,0.0,0.0,-0.5040660473764653,0.0,0.0,0.0,0.033416295203136256,0.1898954734346601,0.3853053460979049,0.019468101474650716,-0.042219960743574474,-0.0009851875477355615,0.00022615612863181376,-0.016346679894309168,0.009437356897479245,0.0,false,2.169558232474616,0.5470092734342945,0.07410034052647747,1.0503144262667323,2.9310786980298014,0.004714316302082089,0,0.553987150014688,false,false,false,false,false,1.982038028155872,0.4682949839637927,0.0765883890177189,1.0518111122981,2.657844009620185,0.01578777260854533,2,0.8875273522622149,false,false,false,false,false,false,false,false,false,false,false,0.5762323060193298,0.9729143083405338,delta_g_hat,true,false,""
20182019,2018020655,2019-01-07,CHI,CGY,0.4464,0.3546,0.0918,0.44640585564602875,-0.18658375006426317,-0.30765810526294013,-0.07772503391331176,1.0,0.0,-1.0,-0.40992487924637955,1.0,1.0,0.0,0.033416295203136256,0.18673938258008715,-0.2558642636293408,-0.16561532118972722,-0.042219960743574474,-0.005392805064762499,-0.0011864043791399983,0.04403883121775984,-0.009563437370627162,0.0,false,1.9713019002772436,0.4383088121197232,0.07584279165693791,1.0464862607694125,2.600992943773605,0.025051168502336296,0,0.738842186860737,false,false,false,false,false,2.1593544996898895,0.5221687477002751,0.07155314560907591,1.010045152145025,2.7807314642337952,0.001552501256168945,0,0.6180289953596715,false,false,false,false,false,false,false,false,false,false,false,-0.2152269932363586,-0.5988798859777539,delta_g_hat,true,false,""
20182019,2018020666,2019-01-08,VGK,NYR,0.6012,0.7439,-0.1427,0.6012033463687043,0.18840356685588638,0.05959758392597214,0.3289532494630789,0.0,0.0,0.0,-0.39064612934906967,0.0,1.0,0.0,0.033416295203136256,0.18363521389214696,0.24583249566877793,0.019468101474650716,-0.042219960743574474,-0.0009851875477355615,-0.001475676344689859,-0.016346679894309168,-0.009563437370627162,0.0,false,1.9817333804415538,0.4733639523571765,0.07362320201112034,1.017758008009975,2.5736255743219925,0.0033828264394657193,1,0.7872107802988989,false,false,false,false,false,1.8013481288693753,0.4373191658886542,0.07331612443514975,1.0125771808991442,2.341061652892194,0.007383389732020351,1,0.25417419372423883,false,false,false,false,false,false,false,false,false,false,false,0.41046761979113594,1.0663386239918162,delta_g_hat,true,false,""
20182019,2018020667,2019-01-08,SJS,EDM,0.577,0.6589,-0.082,0.576956940996232,0.23848621241838425,0.18558995161957803,0.27820003218580247,1.0,0.0,-1.0,-0.5347921399661755,0.0,0.0,0.0,0.033416295203136256,0.18363521389214696,0.3128382311751122,-0.16561532118972722,-0.042219960743574474,-0.005392805064762499,0.0006871921005924598,-0.016346679894309168,0.009437356897479245,0.0,false,2.1684623212714116,0.5258211948711878,0.0735545497999988,1.0148677533583121,2.8089895996427807,0.002005714428543137,0,0.5784810849551012,false,false,false,false,false,1.9035187636077207,0.49913645462438067,0.07748392483061341,1.023748272017594,2.539038162073651,0.00596682777675283,1,0.34793485913097877,false,false,false,false,false,false,false,false,false,false,false,0.3104700874618215,0.6583960884951744,delta_g_hat,true,false,""
20182019,2018020668,2019-01-09,CHI,NSH,0.4258,0.3404,0.0854,0.42584470416730313,-0.3498464062410858,-0.5133594382519986,-0.22127959140190212,0.0,0.0,0.0,-0.7046242763420866,0.0,1.0,0.0,0.033416295203136256,0.18719442870862837,-0.474293905973102,0.019468101474650716,-0.042219960743574474,-0.0009851875477355615,0.003235473299564131,-0.016346679894309168,-0.009563437370627162,0.0,false,1.9219091137198152,0.44939741996427046,0.07638129772513153,1.047392918948894,2.5636909024153884,0.0058550669676822875,2,0.40991291894037657,false,false,false,false,false,2.1534638738609226,0.5108385854279447,0.0736031001929005,1.043359129824637,2.8566187620829333,0.02959450458448898,0,0.7657532956531794,false,false,false,false,false,false,false,false,false,false,false,-0.2990080152275845,-0.6615121939862249,delta_g_hat,true,false,sample
20182019,2018020673,2019-01-10,NYR,NYI,0.5476,0.4324,0.1152,0.5476326556971334,-0.08331100884596888,-0.21830762590689456,-0.015473347013185812,0.0,0.0,0.0,3.5573073691411414,3.0,0.0,0.0,0.033416295203136256,0.18605484181353282,-0.11769532496071816,0.019468101474650716,-0.042219960743574474,-0.0009851875477355615,-0.060713556108204475,0.16480985344189786,0.009437356897479245,0.0,false,1.876218471953571,0.45810119497146756,0.07805988894921809,1.0112619280996782,2.439547600981646,0.01174230153621969,1,0.6915379777175311,false,false,false,false,false,1.954499553698842,0.5184865329192886,0.07318880127214956,1.0334189872403696,2.631265473980435,0.003397255163886531,1,0.541663523843308,false,false,false,false,false,false,false,false,false,false,false,0.19097834917232828,-0.27206585952083434,home_tz,true,true,""
20182019,2018020688,2019-01-12,NYI,NYR,0.5644,0.6455,-0.081,0.564440744155693,0.062895339657239,0.007444275695197788,0.20229471986804226,0.0,0.0,0.0,0.0,0.0,0.0,0.0,0.033416295203136256,0.1865108700284845,0.07791462749132778,0.019468101474650716,-0.042219960743574474,-0.0009851875477355615,-0.007337206489184276,-0.016346679894309168,0.009437356897479245,0.0,false,1.9053512105462764,0.5133525704683007,0.07321735173171864,1.0372546167441277,2.5847566995033517,0.00969035274958105,1,0.6158309520874681,false,false,false,false,false,1.8465173546736369,0.4564850647786269,0.07738530419678731,1.0117951791347706,2.4084648232597003,0.009756873123050458,1,0.2604914722625059,false,false,false,false,false,false,false,false,false,false,false,0.2590388289198536,0.5993168643145148,delta_g_hat,true,false,""
20182019,2018020694,2019-01-12,CHI,VGK,0.4855,0.3648,0.1207,0.48551329099719104,-0.17710933551617453,-0.27041461479895634,0.10537270412385746,0.0,0.0,1.0,-2.4506000338647014,0.0,2.0,0.0,0.033416295203136256,0.1865108700284845,-0.2431884133790903,0.019468101474650716,-0.042219960743574474,0.0034224299692913766,0.029433325435788436,-0.016346679894309168,-0.02856423163873357,0.0,false,1.9051278772981792,0.42618464633305875,0.0681709995230469,1.0468676232625223,2.5119416129421093,0.0027880688358192796,2,0.48577914095853314,false,false,false,false,false,2.054034056950981,0.43468457038850516,0.07203547451617853,1.023991918053698,2.6221915044230566,0.009003271149012615,1,0.9048878419079567,false,false,false,false,false,false,false,false,false,false,false,-0.05801626754272459,-0.5545906517327497,delta_g_hat,true,false,""
20182019,2018020701,2019-01-13,WPG,ANA,0.5512,0.6455,-0.0943,0.5511719318297494,0.028838351974767504,-0.04319978499978161,0.39309221780356607,0.0,0.0,0.0,-2.4631964699327638,0.0,2.0,0.0,0.033416295203136256,0.18201271721045448,0.03234967214274389,0.019468101474650716,-0.042219960743574474,-0.0009851875477355615,0.02962233124994862,-0.016346679894309168,-0.02856423163873357,0.0,false,1.9347374732869944,0.5308732980122362,0.0741286851011208,1.0862323286305602,2.758747103840667,0.01584714153246787,0,0.8151489877423131,false,false,false,false,false,1.907722829659576,0.49427984571083855,0.07946802252045575,1.0145099633346208,2.5174767467332027,0.013015093005343948,0,0.8360050880524769,false,false,false,false,false,false,false,false,false,false,false,0.20552036549096234,0.5993168643145148,away_back_to_back,true,false,""
20182019,2018020717,2019-01-15,MIN,LAK,0.5195,0.6041,-0.0846,0.5194793403369974,0.04535377240696294,0.015357592425345068,0.1194026707454876,1.0,0.0,-2.0,-0.8907758431655761,1.0,2.0,0.0,0.033416295203136256,0.186308195922626,0.05444570722289239,-0.16561532118972722,-0.042219960743574474,-0.009800422581789436,0.006028622747118869,0.04403883121775984,-0.02856423163873357,0.0,false,1.9304740779076077,0.5160998498329022,0.0743983417837316,1.0018660493781912,2.5256765282602247,0.001647943884404507,1,0.47364273637224125,false,false,false,false,false,1.757296022135817,0.49725161557097947,0.07736656414758195,0.9905964624140838,2.309985959010109,0.007703106010766399,0,0.6980644927019677,false,false,false,false,false,false,false,false,false,false,false,0.0780395821289347,0.4225780930326105,home_back_to_back,true,false,""
20182019,2018020718,2019-01-15,WPG,VGK,0.5918,0.5051,0.0868,0.5918148888015848,0.13756160902650802,0.10843137906620459,0.37082464113925795,0.0,0.0,-1.0,-1.1517951298291578,0.0,0.0,0.0,0.033416295203136256,0.186308195922626,0.17781087379402452,0.019468101474650716,-0.042219960743574474,-0.005392805064762499,0.009945140285952272,-0.016346679894309168,0.009437356897479245,0.0,false,1.9094567990367333,0.4898134905614764,0.07148551661234699,1.087001937133176,2.6857163475339174,0.0035906704164316693,1,0.19954698671774998,false,false,false,false,false,1.9102119634843093,0.45791270258985234,0.07727145045591532,1.0301118942586753,2.5190316258116057,0.008474437708697487,0,0.8928585276726783,false,false,false,false,false,false,false,false,false,false,false,0.37141148959036474,0.020400707516166464,delta_g_hat,false,false,""
20182019,2018020721,2019-01-16,OTT,COL,0.4827,0.3728,0.1099,0.4826629817875802,-0.2898150132656373,-0.4535998514789754,-0.24371813423516775,0.0,0.0,2.0,3.5552598564886675,3.0,0.0,0.0,0.033416295203136256,0.19246946246938054,-0.3939777087232957,0.019468101474650716,-0.042219960743574474,0.007830047486318313,-0.06068283378374753,0.16480985344189786,0.009437356897479245,0.0,false,1.9551437917700505,0.4725294979276245,0.07874093550108961,1.0179345679536251,2.551365681440525,0.003989910343015712,2,0.4838267676886997,false,false,false,false,false,2.0421761104620577,0.48045475349508804,0.07820627398504235,1.0575856414725964,2.7506080128963406,0.006728378428747267,0,0.5489389247717507,false,false,false,false,false,false,false,false,false,false,false,-0.0692276343430221,-0.5202233862247618,delta_g_hat,true,false,sample
20182019,2018020731,2019-01-17,MIN,ANA,0.5244,0.6125,-0.0881,0.5244281226269037,-0.05728578846482682,-0.1097268591689704,0.26154878235364176,0.0,0.0,0.0,-0.8579467161772175,0.0,1.0,0.0,0.033416295203136256,0.19292198395766538,-0.0828760973866329,0.019468101474650716,-0.042219960743574474,-0.0009851875477355615,0.005536031363248404,-0.016346679894309168,-0.009563437370627162,0.0,false,1.9492074340184944,0.5290280236289037,0.07247076336867232,0.9976662338026451,2.54475346905808,0.01053702850087418,1,0.17490514458552087,false,false,false,false,false,1.7338698548215215,0.4689506559985455,0.07677094830886072,1.0193803792728304,2.3237708061939513,0.022138727794445576,4,0.8589925848478915,false,false,false,true,false,false,false,false,true,false,true,0.09767758707291802,0.4578330936254806,delta_g_hat,true,false,flagged
20182019,2018020733,2019-01-18,FLA,TOR,0.547,0.4502,0.0969,0.5470475286258779,-0.1082973081547029,-0.35905729466497904,0.011110545804299932,0.0,1.0,2.0,1.9434795191258358,0.0,0.0,0.0,0.033416295203136256,0.1914712628259994,-0.15112457662981935,0.019468101474650716,0.1321891968864809,0.007830047486318313,-0.036498544412960965,-0.016346679894309168,0.009437356897479245,0.0,false,2.0823652814046305,0.4906144748140957,0.07438087858337936,1.0548209835780016,2.7924915486876394,0.004988897315516265,2,0.5973272019683096,false,false,false,false,false,2.1836906961547564,0.5488706772500759,0.07272873819451951,1.0396435627155927,2.9165018060739727,0.011822005018013927,0,0.6127455096524714,false,false,false,false,false,false,false,false,false,false,false,0.18855667693894732,-0.19986264725851366,delta_g_hat,true,true,""
20182019,2018020740,2019-01-19,NJD,ANA,0.4623,0.5522,-0.0899,0.46231882034086846,-0.2505033169273336,-0.3585945384228735,0.13694097319778686,0.0,0.0,0.0,-1.5596813863579428,0.0,1.0,0.0,0.033416295203136256,0.19002943885194354,-0.34138246145620355,0.019468101474650716,-0.042219960743574474,-0.0009851875477355615,0.01606535346239482,-0.016346679894309168,-0.009563437370627162,0.0,false,1.8517558219654686,0.47530394431092793,0.07108837121503624,1.0243837611117257,2.4566240087865534,0.029109036026635074,1,0.43463306939954205,false,false,false,false,false,1.8943013324532951,0.4462545299318483,0.07804175160039042,1.0253040823160267,2.47979800709917,0.005000952388998503,1,0.8595070425917294,false,false,false,false,false,false,false,false,false,false,false,-0.1510867528214528,0.20956359533139976,delta_g_hat,true,true,""
20182019,2018020749,2019-01-19,EDM,CGY,0.5697,0.4411,0.1286,0.5696920314552589,-0.10026063198397747,-0.1477233060213452,-0.06654444245732227,0.0,1.0,2.0,0.535649867332234,1.0,0.0,0.0,0.033416295203136256,0.19002943885194354,-0.14037228126288048,0.019468101474650716,0.1321891968864809,0.007830047486318313,-0.0153744750255295,0.04403883121775984,0.009437356897479245,0.0,false,1.9368121322856198,0.48367006424965403,0.07864448347101954,1.0297167001120358,2.5733924780980275,0.0009321610858416957,0,0.4889565125467155,false,false,false,false,false,2.0709295371801506,0.5319632844158569,0.07357709419564709,1.0197673727760785,2.7293766943410676,0.005109515847705866,0,0.87077673860993,false,false,false,false,false,false,false,false,false,false,false,0.28062726664179594,-0.23669895916475828,delta_g_hat,false,true,""
20182019,2018020752,2019-01-20,NYI,ANA,0.5635,0.6905,-0.1269,0.5635290202338931,-0.06997256598378948,-0.25304318830874184,0.1647175392783362,0.0,1.0,1.0,0.30741462352318194,0.0,0.0,0.0,0.033416295203136256,0.18999328492917048,-0.09984977857530936,0.019468101474650716,0.1321891968864809,0.0034224299692913766,-0.011949872396413557,-0.016346679894309168,0.009437356897479245,0.0,false,1.8412516821582847,0.5094386939251189,0.07046797428119489,1.0350147889719177,2.5059346990702114,0.010916783651384127,0,0.6469003642990219,false,false,false,false,false,1.8507093709378812,0.46048339078060124,0.07609453898263749,1.0251970407275457,2.4474398760452387,0.014882873226836318,1,0.4478554040570695,false,false,false,false,false,false,false,false,false,false,false,0.25537895820017414,0.8024578807246961,away_back_to_back,true,false,""
20182019,2018020757,2019-01-21,VGK,MIN,0.554,0.6384,-0.0843,0.554044084644087,0.033024448031768794,-0.16618931210915644,0.07264630972671426,0.0,0.0,0.0,-2.099606432486559,0.0,2.0,0.0,0.033416295203136256,0.19044519214328517,0.03795026376583441,0.019468101474650716,-0.042219960743574474,-0.0009851875477355615,0.024166769797746412,-0.016346679894309168,-0.02856423163873357,0.0,false,1.7973298596187046,0.44582646197305653,0.07608420716863469,1.030814890238038,2.3907076710897566,0.014540760857508895,0,0.8811822902211314,false,false,false,false,false,1.9131557904390166,0.49116908432355944,0.07065568349808339,0.9963063968695173,2.465838962322784,0.009174074568339158,0,0.7585365003935985,false,false,false,false,false,false,false,false,false,false,false,0.21684573472721994,0.5684264176175774,away_back_to_back,true,false,""
20182019,2018020759,2019-01-21,LAK,STL,0.5509,0.4668,0.0841,0.5509163450685468,-0.011533807181568191,-0.15860471478615024,0.06212862481490866,0.0,0.0,0.0,-1.217560473855521,1.0,2.0,0.0,0.033416295203136256,0.19044519214328517,-0.021664371801346453,0.019468101474650716,-0.042219960743574474,-0.0009851875477355615,0.010931929908355302,0.04403883121775984,-0.02856423163873357,0.0,false,1.8727020495458941,0.4775724690126909,0.07749056313025181,0.9884250935496859,2.3996639279849497,0.0026235028432862115,1,0.6674679700679539,false,false,false,false,false,1.9467310699329265,0.48747757881170606,0.07102660010556057,1.0332066037850833,2.5884256031471864,0.02425109192739009,0,0.3282694999276331,false,false,false,false,false,false,false,false,false,false,false,0.20430772438497824,-0.13299568789215271,home_tz,false,true,""
20182019,2018020762,2019-01-22,CHI,NYI,0.514,0.4324,0.0816,0.5139741827505806,-0.091221553355587,-0.20281456228888217,-0.020835039324404114,0.0,0.0,0.0,-1.1821393568028022,0.0,1.0,0.0,0.033416295203136256,0.1901197644662137,-0.1282788683652116,0.019468101474650716,-0.042219960743574474,-0.0009851875477355615,0.010400446476784803,-0.016346679894309168,-0.009563437370627162,0.0,false,1.924988028286882,0.4441912283003123,0.07309223739310361,1.0613068746348477,2.5919995262860107,0.0026368517656586987,1,0.3908564911430475,false,false,false,false,false,2.025386050565124,0.4944381709427184,0.07106882932089979,1.0358594266784875,2.6838009902167386,0.0029632821722991518,0,0.6277709247671126,false,false,false,false,false,false,false,false,false,false,false,0.056014641554671306,-0.27206585952083434,delta_g_hat,true,true,""
20182019,2018020768,2019-01-23,VGK,NSH,0.4914,0.5791,-0.0877,0.4914076175914563,-0.1558168714437539,-0.45443223328377647,-0.0939702953997843,0.0,0.0,0.0,-0.9791011039360061,0.0,1.0,0.0,0.033416295203136256,0.18885947385230786,-0.21470115596904898,0.019468101474650716,-0.042219960743574474,-0.0009851875477355615,0.007353917277462431,-0.016346679894309168,-0.009563437370627162,0.0,false,1.8562861727746076,0.4491449678650315,0.0800367603097181,1.0301384989954094,2.4573623228857007,0.0003872037600037015,1,0.8861727636061335,false,false,false,false,false,1.9300753491504061,0.4983950901283133,0.07218529944222153,1.0557312931467462,2.640020516754691,0.006456131873957424,1,0.2832987353760583,false,false,false,false,false,false,false,false,false,false,false,-0.03440339290094045,0.31907989845521906,delta_g_hat,true,true,""
20182019,2018020769,2019-01-23,ANA,STL,0.5965,0.4502,0.1463,0.5964933911797317,0.0661012197022043,-0.358081384879704,0.1659473516916794,0.0,0.0,1.0,3.906382706155754,3.0,0.0,0.0,0.033416295203136256,0.18885947385230786,0.08220378490195053,0.019468101474650716,-0.042219960743574474,0.0034224299692913766,-0.0659513287543078,0.16480985344189786,0.009437356897479245,0.0,false,1.7875315099862494,0.4373966201999601,0.07642152027579664,1.0243647021209519,2.35742134917167,0.01108973752978424,2,0.8816335097360153,false,false,false,false,false,1.9412145084776191,0.4985675471659988,0.06842455302072308,1.0335897833747882,2.5924567253085886,0.002996111700616283,3,0.4033224849558533,false,false,false,false,false,false,false,false,false,false,false,0.3909027538279675,-0.19986264725851366,home_tz,false,true,""
20182019,2018020793,2019-02-02,FLA,VGK,0.5266,0.422,0.1047,0.5266402875464951,-0.05462476416314319,-0.0911193782019315,0.2314746964471408,1.0,1.0,0.0,-1.083262846011194,0.0,0.0,0.0,0.033416295203136256,0.18525463111727467,-0.07931590425921442,-0.16561532118972722,0.1321891968864809,-0.0009851875477355615,0.008916833546706197,-0.016346679894309168,0.009437356897479245,0.0,false,1.8729771730887017,0.49772463746629936,0.07076267709554486,1.0624665758674279,2.593974414296,0.015276700786079393,3,0.6871502314017893,false,false,false,false,false,1.9765242284185254,0.45143134242758687,0.07689882521826848,1.0212136845347914,2.5579915870280763,0.018402010092359686,0,0.949012464445161,false,false,false,false,false,false,false,false,false,false,false,0.10650054998232536,-0.31456855463636585,home_back_to_back,true,true,""
20182019,2018020794,2019-02-02,NYI,LAK,0.4773,0.6206,-0.1433,0.477300274671991,-0.052075793116056715,-0.08485212174484102,0.029017703937998185,1.0,0.0,-3.0,-3.9730012735541176,0.0,3.0,0.0,0.033416295203136256,0.18525463111727467,-0.07590562754806812,-0.16561532118972722,-0.042219960743574474,-0.014208040098816375,0.052276507763806136,-0.016346679894309168,-0.04756502590683998,0.0,false,1.853279731207421,0.49449436407675945,0.07233246026145497,1.0304074342180838,2.4936957864341425,0.0007443017368359978,0,0.8211314581510668,false,false,false,false,false,1.880893928543344,0.5003535267650584,0.07604603562271253,0.9880136911702968,2.427839612263595,0.03642332101858367,2,0.6478491286269923,false,false,false,false,false,false,false,false,false,false,false,-0.09086246170702518,0.4920956945133661,home_back_to_back,true,true,""
20182019,2018020797,2019-02-02,WPG,ANA,0.5571,0.6653,-0.1083,0.5570882274760016,0.05056783643176865,-0.013924908917815504,0.44831970685324407,0.0,0.0,-2.0,-2.4631964699327638,0.0,2.0,0.0,0.033416295203136256,0.18525463111727467,0.0614216205564491,0.019468101474650716,-0.042219960743574474,-0.009800422581789436,0.02962233124994862,-0.016346679894309168,-0.02856423163873357,0.0,false,1.9421964317425962,0.5153952558251493,0.07412682990777801,1.0889332620520393,2.756872503832175,0.004218232758268144,0,0.7382070700991915,false,false,false,false,false,1.8702734250615543,0.48299682571944946,0.077410828314036,1.0240614993739152,2.4891669103578726,0.011799813115121419,5,0.8767084642882828,false,false,false,true,false,false,false,false,true,false,true,0.2294007460976174,0.6870034585305609,delta_g_hat,true,false,flagged
20182019,2018020805,2019-02-04,TOR,ANA,0.5642,0.7168,-0.1526,0.5642390489380666,0.06465429649790004,-0.1513842406593331,0.5024247823189989,0.0,0.0,0.0,-1.5158245946035525,0.0,1.0,0.0,0.033416295203136256,0.1823319090440536,0.08026794160859649,0.019468101474650716,-0.042219960743574474,-0.0009851875477355615,0.015407295215823881,-0.016346679894309168,-0.009563437370627162,0.0,false,2.087738425240528,0.5639029421804228,0.06923476899971787,1.0374417027717329,2.822750371999232,0.009203674216778299,0,0.7156193794887472,false,false,false,false,false,1.997487655743806,0.4631480856352713,0.0765340886748923,1.0249065743428822,2.600362039046727,0.040286935249978506,1,0.9130537363860732,false,false,false,false,false,false,false,false,false,false,false,0.2582253760573765,0.9286434998411559,delta_g_hat,true,false,""
20182019,2018020815,2019-02-05,MTL,ANA,0.5621,0.6715,-0.1094,0.5621237754943985,-0.07898619150035238,-0.25421511259362894,0.17908994987896065,0.0,1.0,1.0,-0.5040660473764653,0.0,0.0,0.0,0.033416295203136256,0.18370469113287846,-0.11190913767131147,0.019468101474650716,0.1321891968864809,0.0034224299692913766,0.00022615612863181376,-0.016346679894309168,0.009437356897479245,0.0,false,1.9369448888142753,0.4966078260720539,0.07252279216784183,1.0072103392886398,2.5241451617429815,0.0010229140345928284,2,0.6545871031982498,false,false,false,false,false,1.87215274095977,0.4875526254853651,0.07821497289612195,1.0144695245337574,2.4731958875027016,0.008311631708238457,3,0.3441585068301276,false,false,false,false,false,false,false,false,false,false,false,0.24968919620067673,0.7149771780386269,away_back_to_back,true,false,""
20182019,2018020822,2019-02-06,NYR,BOS,0.5036,0.3897,0.1139,0.5036260886945768,-0.2535271977587544,-0.4659043231176532,-0.0812085451403628,0.0,1.0,1.0,-0.3029078461792696,0.0,0.0,0.0,0.033416295203136256,0.181117778171578,-0.3454281215230227,0.019468101474650716,0.1321891968864809,0.0034224299692913766,-0.002792163448972479,-0.016346679894309168,0.009437356897479245,0.0,false,1.8011972046114104,0.47297302149841763,0.07971370450048809,1.0312251754457529,2.4273843693225614,0.014696984776933208,1,0.2626047030444454,false,false,false,false,false,1.963096121472789,0.4867991833218693,0.07757069405138567,1.0641139974287648,2.6895119473973494,0.004799658018904057,1,0.7224142428862786,false,false,false,false,false,false,false,false,false,false,false,0.014400248839740233,-0.4485734272057858,delta_g_hat,true,true,sample
20182019,2018020825,2019-02-07,NJD,NYI,0.4974,0.4092,0.0882,0.49743419274490536,-0.13962426972306305,-0.18974438764102386,-0.009907680877748515,0.0,0.0,0.0,-0.31602310499036274,0.0,0.0,0.0,0.033416295203136256,0.18263511739537175,-0.19303702110017384,0.019468101474650716,-0.042219960743574474,-0.0009851875477355615,-0.002595372852321322,-0.016346679894309168,0.009437356897479245,0.0,false,1.8547504105683126,0.45392112299168075,0.07496111743924544,1.0296062782845306,2.454203142592816,0.016628531068768923,3,0.14018239724762085,false,false,false,false,false,1.9010305977064588,0.48481816523895693,0.07569197781597306,1.031025150745789,2.537910413310412,0.003911916144857315,0,0.36177527608708576,false,false,false,false,false,false,false,false,false,false,false,-0.01040009374018737,-0.3672735165797532,delta_g_hat,true,false,""
20182019,2018020829,2019-02-07,OTT,ANA,0.4028,0.5102,-0.1074,0.4027587412694153,-0.28141204523327124,-0.4082988649801971,0.054015947462219494,1.0,0.0,-1.0,0.14444109158075769,0.0,0.0,0.0,0.033416295203136256,0.18263511739537175,-0.3827353502751526,-0.16561532118972722,-0.042219960743574474,-0.005392805064762499,-0.009504502537439124,-0.016346679894309168,0.009437356897479245,0.0,false,1.9066240937880854,0.47446138983768493,0.071117413995347,1.0312113672641683,2.5287395028650277,0.007627520735505849,1,0.7829059106445855,false,false,false,false,false,1.9777389425036225,0.47322985136168855,0.07785110459848217,1.0142580336870297,2.5648758977645207,0.03934061038015872,1,0.8470696222321497,false,false,false,false,false,false,false,false,false,false,false,-0.3938119048206281,0.040805661189643565,delta_g_hat,false,true,""
20182019,2018020838,2019-02-09,BOS,LAK,0.5922,0.6973,-0.105,0.592210902327105,0.1484736442784861,0.018240064235645725,0.22355727711146267,0.0,0.0,1.0,-0.13700986393782524,0.0,0.0,0.0,0.033416295203136256,0.17901673946420152,0.19241012149186065,0.019468101474650716,-0.042219960743574474,0.0034224299692913766,-0.005281413823574562,-0.016346679894309168,0.009437356897479245,0.0,false,1.8602733715749686,0.4563663152048172,0.07698208329606665,1.0663114993955642,2.5523464186354468,0.005537333807918453,2,0.6567813812484862,false,false,false,false,false,1.7783446444450985,0.5085071898950493,0.07669059813098415,0.9916313688942135,2.3437628177509073,0.024784646291770084,1,0.7337923499026462,false,false,false,false,false,false,false,false,false,false,false,0.37306755752713583,0.8344735181992922,delta_g_hat,true,false,""
20182019,2018020842,2019-02-09,PHI,ANA,0.5368,0.6973,-0.1605,0.5367773210498262,-0.020800943653435894,-0.23017932074241232,0.29203480627448464,0.0,0.0,0.0,-0.6031571108296861,0.0,0.0,0.0,0.033416295203136256,0.17901673946420152,-0.03406290403463651,0.019468101474650716,-0.042219960743574474,-0.0009851875477355615,0.001712988358222536,-0.016346679894309168,0.009437356897479245,0.0,false,1.916451996421744,0.5613258106676373,0.07288450497748891,1.013088995074411,2.5840479185059992,0.004752012377411459,0,0.7115043896829361,false,false,false,false,false,1.846952025939621,0.48183271198849914,0.07884922728506874,1.0103505144315195,2.4325542153159447,0.001697130628057722,0,0.16644925481044706,false,false,false,false,false,false,false,false,false,false,false,0.14746665939868678,0.8344735181992922,away_back_to_back,true,false,""
20182019,2018020859,2019-02-10,NYR,TOR,0.509,0.3811,0.1279,0.5089658413903435,-0.2400917061013304,-0.6043916070028907,-0.08623542541130158,0.0,1.0,1.0,-0.5288005005850502,0.0,0.0,0.0,0.033416295203136256,0.18128285573228606,-0.3274527332366454,0.019468101474650716,0.1321891968864809,0.0034224299692913766,0.0005972893159266399,-0.016346679894309168,0.009437356897479245,0.0,false,2.0436039299908644,0.4508753269544413,0.07922149390410996,1.026178477108835,2.6410763170405183,0.00437002181493773,1,0.2680555691819547,false,false,false,false,false,2.182114950619634,0.5763316683894958,0.07177641814499286,1.0431106845876088,2.9522358898214582,0.004532619861299048,0,0.5666198028327437,false,false,false,false,false,false,false,false,false,false,false,0.0360038887560023,-0.48488190086550137,delta_g_hat,true,true,""
20182019,2018020876,2019-02-13,ANA,VAN,0.5961,0.4548,0.1413,0.5960753889994473,0.047755315011589625,-0.07079084049309925,0.31756580690976044,0.0,0.0,2.0,2.0492142140760095,3.0,0.0,0.0,0.033416295203136256,0.18040195801298237,0.05765873893808006,0.019468101474650716,-0.042219960743574474,0.007830047486318313,-0.03808506237693536,0.16480985344189786,0.009437356897479245,0.0,false,1.956352875514528,0.4675841870724213,0.07888095924186057,1.0099333037990492,2.5276792735933706,0.015345967266716373,2,0.23970293603392057,false,false,false,false,false,1.825082500260705,0.4869453303713013,0.07151813130921755,1.0409190281506824,2.481078346256342,0.007068459515488845,1,0.8465513962985678,false,false,false,false,false,false,false,false,false,false,false,0.3892411156565135,-0.18129493794599663,home_tz,false,true,sample
20182019,2018020877,2019-02-14,FLA,CGY,0.5348,0.4324,0.1024,0.5348496798310429,-0.026663174785947565,-0.1113450107261138,0.02286847821004301,0.0,0.0,0.0,-0.28932076687155583,0.0,0.0,0.0,0.033416295203136256,0.1818866322901709,-0.041906002264179884,0.019468101474650716,-0.042219960743574474,-0.0009851875477355615,-0.002996033573247115,-0.016346679894309168,0.009437356897479245,0.0,false,1.9849246635968538,0.5047606843363052,0.07690378682406958,1.0603303552251258,2.7214323689740803,0.0027814505621705232,2,0.4097704667191139,false,false,false,false,false,2.0926088651778816,0.5241198811449428,0.07658309532541235,1.0185681845291743,2.7433217529185714,0.005323642378786797,0,0.30738602084338135,false,false,false,false,false,false,false,false,false,false,false,0.13942542458327906,-0.27206585952083434,away_back_to_back,true,true,""
20182019,2018020886,2019-02-14,LAK,VAN,0.6814,0.5648,0.1166,0.6814203546831189,0.20948206342409967,0.1391820405821611,0.2834648651116365,0.0,1.0,2.0,3.651325688430186,3.0,0.0,0.0,0.033416295203136256,0.1818866322901709,0.2740334852542497,0.019468101474650716,0.1321891968864809,0.007830047486318313,-0.0621242733052895,0.16480985344189786,0.009437356897479245,0.0,false,1.9474365011886192,0.48500583693794663,0.07802257496097877,0.991199236089232,2.488370904081194,0.020103999764605203,1,0.7412074675270109,false,false,false,false,false,1.7884657278296232,0.46685409551794327,0.07472419474170158,1.0378212529345519,2.418169202246062,0.00580471957495704,2,0.6406505877476398,false,false,false,false,false,false,false,false,false,false,false,0.760213107750918,0.26066599063729934,delta_g_hat,false,false,""
20182019,2018020891,2019-02-15,ANA,BOS,0.4897,0.3474,0.1423,0.48970892117439363,-0.15814296401453745,-0.39716689786975934,0.1336985151964134,0.0,0.0,-1.0,-4.1516096694955005,0.0,3.0,0.0,0.033416295203136256,0.18026436305340277,-0.21781324283687775,0.019468101474650716,-0.042219960743574474,-0.005392805064762499,0.054956474153373805,-0.016346679894309168,-0.04756502590683998,0.0,false,1.8038932761072204,0.492478369444103,0.07671157643285652,1.0070444225177775,2.389800222869685,0.004233395238798461,1,0.5106484461962983,false,false,false,false,false,1.8934400977270884,0.47189185476736273,0.07547450480682186,1.0528136472168397,2.569714348461767,0.0009272617278463166,0,0.3568413906623076,false,false,false,false,false,false,false,false,false,false,false,-0.041205829361654026,-0.6304875303522159,delta_g_hat,true,false,""
20182019,2018020896,2019-02-16,NYI,EDM,0.576,0.6775,-0.1015,0.576042812422604,-0.02860204439841818,-0.0689086966796224,0.06635412882360914,0.0,1.0,1.0,0.08677078144696725,0.0,0.0,0.0,0.033416295203136256,0.17835155857690074,-0.04450002226802241,0.019468101474650716,0.1321891968864809,0.0034224299692913766,-0.008639176514998246,-0.016346679894309168,0.009437356897479245,0.0,false,1.911224933431389,0.5059576860934593,0.07123532382708224,1.027116983374251,2.555896331349993,0.0034065837910680213,0,0.5789015356889468,false,false,false,false,false,1.8891173607655583,0.5022629411890012,0.07572329556523454,1.0254240357277256,2.5298273275271375,0.0036287471397255244,2,0.16915220429328157,false,false,false,false,false,false,false,false,false,false,false,0.30637420546393324,0.7423064165180286,away_back_to_back,true,false,""
20182019,2018020903,2019-02-16,LAK,BOS,0.5659,0.4434,0.1226,0.5659451300905731,-0.060999493834208295,-0.15093994678694367,0.045722583106163395,0.0,1.0,1.0,-0.04452993567711105,0.0,0.0,0.0,0.033416295203136256,0.17835155857690074,-0.0878446759617943,0.019468101474650716,0.1321891968864809,0.0034224299692913766,-0.006669047916261236,-0.016346679894309168,0.009437356897479245,0.0,false,1.8096377768990606,0.5119552993971569,0.07543607025127795,0.9900945366677976,2.3732854622301485,0.02503682008326213,3,0.24506584082875282,false,false,false,false,false,1.843532711995997,0.4480902401568543,0.07844545902923687,1.0510860751214584,2.4911459040787314,0.0013433439983376247,2,0.866205788508063,false,false,false,false,false,false,false,false,false,false,false,0.26514246184293006,-0.22737455190957923,away_back_to_back,false,true,""
20182019,2018020904,2019-02-17,PIT,NYR,0.5632,0.6905,-0.1273,0.5631961243322899,0.20275967351336283,0.09629281678067336,0.4358943235108552,1.0,0.0,-1.0,-0.28615819025750155,0.0,0.0,0.0,0.033416295203136256,0.17910400894197845,0.2650395777785117,-0.16561532118972722,-0.042219960743574474,-0.005392805064762499,-0.00304348710411517,-0.016346679894309168,0.009437356897479245,0.0,false,2.1098706093519866,0.5634819029917217,0.0750434186825666,1.0485369486731475,2.8817946832639847,0.006729862640538799,1,0.7263399828827778,false,false,false,false,false,1.9788223952645303,0.46355114045672935,0.08055537789591805,1.0357387600470809,2.6130952646767844,0.0053373757735613175,2,0.3351707589985571,false,false,false,false,false,false,false,false,false,false,false,0.2541593804131374,0.8024578807246961,delta_g_hat,true,false,""
20182019,2018020908,2019-02-17,FLA,MTL,0.6267,0.5412,0.0855,0.6266691879561276,0.12163453587962494,0.036310543223966985,0.19119893066324378,0.0,1.0,2.0,-0.28932076687155583,0.0,0.0,0.0,0.033416295203136256,0.17910400894197845,0.15650199047358718,0.019468101474650716,0.1321891968864809,0.007830047486318313,-0.002996033573247115,-0.016346679894309168,0.009437356897479245,0.0,false,1.948022828439695,0.5255107097614946,0.07454369595292704,1.061566093307631,2.7049523949070995,0.0006311593585544978,0,0.4698643242187573,false,false,false,false,false,2.0696183491603484,0.4630709017052828,0.0787627575908195,0.9990242896635657,2.608903987738698,0.0023251324282487287,1,0.5544701894385144,false,false,false,false,false,false,false,false,false,false,false,0.5180855713100918,0.1651745110414174,delta_g_hat,false,false,""
20182019,2018020909,2019-02-17,ANA,WSH,0.4724,0.3546,0.1178,0.4724474698573903,-0.2112002206099967,-0.4475763696240449,0.07162825466742673,0.0,0.0,-1.0,-0.5347921399661755,0.0,0.0,0.0,0.033416295203136256,0.17910400894197845,-0.28879872018532593,0.019468101474650716,-0.042219960743574474,-0.005392805064762499,0.0006871921005924598,-0.016346679894309168,0.009437356897479245,0.0,false,1.9539108623779722,0.5030786067671783,0.07837184281833239,1.0087209954000391,2.557472186302553,0.009420858806105846,1,0.2994004468717518,false,false,false,false,false,1.9559205344493598,0.5238296258045717,0.07836085968716663,1.0861895747090724,2.778593520808413,0.011136300325387156,0,0.759637411933771,false,false,false,false,false,false,false,false,false,false,false,-0.11051233651995242,-0.5988798859777539,delta_g_hat,true,false,""
20182019,2018020911,2019-02-18,CBJ,TBL,0.5043,0.3987,0.1056,0.504282966309875,-0.16912366231180392,-0.35594663114901515,-0.11890093701222249,0.0,0.0,0.0,-0.8922762438672408,1.0,0.0,0.0,0.033416295203136256,0.18028242856195048,-0.23250435504785966,0.019468101474650716,-0.042219960743574474,-0.0009851875477355615,0.00605113581785192,0.04403883121775984,0.009437356897479245,0.0,false,2.014312473873529,0.45688245011812745,0.07728632096587187,1.0441621072282914,2.6610275469666327,0.008796098725200471,1,0.17387069457772997,false,false,false,false,false,2.130871673818496,0.4849180663800367,0.07625612477801158,1.1388975991427375,3.06596457240392,0.007114901190280243,1,0.7422584688446436,false,false,false,false,false,false,false,false,false,false,false,0.017200424056151218,-0.41088472365821355,delta_g_hat,true,true,""
20182019,2018020914,2019-02-18,LAK,WSH,0.5593,0.4668,0.0925,0.5593084473291123,-0.08241917837988906,-0.18483040448041432,-0.02706507867749286,0.0,1.0,1.0,-0.04452993567711105,0.0,0.0,0.0,0.033416295203136256,0.18028242856195048,-0.11650214205962593,0.019468101474650716,0.1321891968864809,0.0034224299692913766,-0.006669047916261236,-0.016346679894309168,0.009437356897479245,0.0,false,1.981617201593695,0.5331973233262031,0.07841873815633577,0.9903900848698295,2.568312511505336,0.016277271851723944,0,0.25223903908611095,false,false,false,false,false,1.9255385391667739,0.5094328083133493,0.0811215139170878,1.0841479066341815,2.727816808580994,0.010636205019332927,2,0.6082690711882075,false,false,false,false,false,false,false,false,false,false,false,0.23832162997960102,-0.13299568789215271,away_back_to_back,false,true,""
20182019,2018020922,2019-02-19,MIN,ANA,0.5678,0.6715,-0.1038,0.5677617709500424,0.07871562425287229,-0.11945880202657522,0.2703558344825945,0.0,0.0,0.0,-2.448789578424493,0.0,2.0,0.0,0.033416295203136256,0.17984931727540215,0.09908063805934197,0.019468101474650716,-0.042219960743574474,-0.0009851875477355615,0.029406160084999657,-0.016346679894309168,-0.02856423163873357,0.0,false,1.9672572315269234,0.5288523606814313,0.07299339894802585,0.9984675184963998,2.56516588834159,0.0006294198490372216,1,0.8146115023504571,false,false,false,false,false,1.7811064439454258,0.478726361917032,0.08004998396689215,1.0017537603849942,2.3439863835716825,0.013855472191585366,0,0.4402701577250135,false,false,false,false,false,false,false,false,false,false,false,0.2728807999660851,0.7149771780386269,delta_g_hat,true,false,""
20182019,2018020938,2019-02-21,EDM,NYI,0.564,0.4794,0.0846,0.5640075640373475,-0.06819998517873008,-0.12344411815650425,0.011791052413737457,0.0,1.0,1.0,-0.28156831484753003,0.0,0.0,0.0,0.033416295203136256,0.17652203123273172,-0.09747823691145696,0.019468101474650716,0.1321891968864809,0.0034224299692913766,-0.0031123568331455106,-0.016346679894309168,0.009437356897479245,0.0,false,1.8626593230405861,0.482290878527165,0.07603976375377279,1.0122599160217447,2.4506710989858527,0.021546128099857807,1,0.7939576880427001,false,false,false,false,false,1.8808058800340413,0.5026719425177767,0.06953268368231909,1.0294772561522603,2.525318525270586,0.011090410718403602,0,0.8313188925654655,false,false,false,false,false,false,false,false,false,false,false,0.25741200814902443,-0.08244667056018094,away_back_to_back,false,true,sample
20182019,2018020943,2019-02-22,CGY,ANA,0.589,0.7257,-0.1367,0.589015405744334,0.14408336644079398,-0.06836781745555864,0.37070249245890396,0.0,0.0,-1.0,-1.6923367982013726,0.0,1.0,0.0,0.033416295203136256,0.1765471903617766,0.18653635439573907,0.019468101474650716,-0.042219960743574474,-0.005392805064762499,0.018055808856503635,-0.016346679894309168,-0.009563437370627162,0.0,false,2.0050973526408233,0.5486199557482626,0.07290117440400735,1.016231251718738,2.669251788556398,0.019898152457709838,1,0.48773811567875947,false,false,false,false,false,1.9111363255645484,0.47169733348751125,0.08106315044120364,1.0013140655402655,2.4671345313853887,0.009332907114566566,1,0.4797410721532385,false,false,false,false,false,false,false,false,false,false,false,0.35983296915535207,0.9729143083405338,delta_g_hat,true,false,""
20182019,2018020959,2019-02-24,OTT,CGY,0.3865,0.2898,0.0968,0.38653441000436883,-0.4731020384035935,-0.55006113103317,-0.3377559337448819,0.0,0.0,0.0,-2.8643738334100903,0.0,2.0,0.0,0.033416295203136256,0.1762937181718667,-0.6391980198750097,0.019468101474650716,-0.042219960743574474,-0.0009851875477355615,0.03564187946159851,-0.016346679894309168,-0.02856423163873357,0.0,false,1.9416768807659797,0.4483770143833282,0.07862225797538276,0.9884248980905201,2.4401009750707696,0.009894385303804293,3,0.4320719658886147,false,false,false,false,false,2.157214585085927,0.5315616805212344,0.07897505316877586,1.0141333149642253,2.8068688199068474,0.003932450201969723,1,0.43854471128111694,false,false,false,false,false,false,false,false,false,false,false,-0.46204839612348936,-0.8963555906224054,delta_g_hat,true,false,""
20182019,2018020964,2019-02-25,TBL,LAK,0.6726,0.7853,-0.1126,0.672615202031527,0.4051187829224886,0.372088852011331,0.44687197228426,0.0,0.0,2.0,-0.28932076687155583,0.0,0.0,0.0,0.033416295203136256,0.17587774379056328,0.5357764929329789,0.019468101474650716,-0.042219960743574474,0.007830047486318313,-0.002996033573247115,-0.016346679894309168,0.009437356897479245,0.0,false,2.0757196739503936,0.4957368146065106,0.07752349792877222,1.1385960233951318,3.016118078665881,0.05453318735539049,1,0.7416794497217698,false,false,false,false,false,1.8886704445744973,0.49739948698254605,0.08106099951680573,0.9987271009465887,2.4639905224470433,0.006542504518139779,2,0.3045179188223757,false,false,false,false,false,false,false,false,false,false,false,0.7199681343691345,1.2968241054960936,delta_g_hat,true,false,""
20182019,2018020967,2019-02-25,VAN,ANA,0.498,0.5954,-0.0973,0.49802232210689745,-0.12428715138399926,-0.38082009808194606,0.0919183501437808,0.0,0.0,0.0,-0.8172181821797639,0.0,1.0,0.0,0.033416295203136256,0.17587774379056328,-0.1725174402490739,0.019468101474650716,-0.042219960743574474,-0.0009851875477355615,0.004924911703199714,-0.016346679894309168,-0.009563437370627162,0.0,false,1.8453026032415187,0.4824954979507371,0.0720522679662569,1.0371546242641922,2.4890159079148804,0.004476682332506893,1,0.8795848358946866,false,false,false,false,false,1.9867364454635579,0.4628168716177142,0.07877821755717758,0.994688779320549,2.51490300790717,0.003048263043787032,3,0.42692812042427575,false,false,false,false,false,false,false,false,false,false,false,-0.008000042667076265,0.38633452384803113,delta_g_hat,true,true,""
20182019,2018020978,2019-02-26,VGK,DAL,0.5334,0.6589,-0.1255,0.5334478299922474,-0.030900631683376863,-0.2343611999392743,0.03376621085010578,0.0,0.0,2.0,-2.4506000338647014,0.0,2.0,0.0,0.033416295203136256,0.17861082491953867,-0.04757530972387308,0.019468101474650716,-0.042219960743574474,0.007830047486318313,0.029433325435788436,-0.016346679894309168,-0.02856423163873357,0.0,false,1.9150196996666469,0.48024329574024893,0.07555165997624406,1.0139755733951301,2.50534570694521,0.010632614989110556,3,0.8190519644491524,false,false,false,false,false,1.9081065772153274,0.4927300498754677,0.07578549795698764,1.0124426741766257,2.5074379272083744,0.030328960391207426,2,0.3433768542069378,false,false,false,false,false,false,false,false,false,false,false,0.13379925216058425,0.6583960884951744,delta_g_hat,true,false,""
20182019,2018020980,2019-02-27,NJD,CGY,0.5258,0.3209,0.2049,0.5257926156923207,-0.18359331481956262,-0.4151889043289909,-0.15459103452533718,0.0,1.0,1.0,-0.04893477621512969,0.0,0.0,0.0,0.033416295203136256,0.18019383539884795,-0.2518633505225206,0.019468101474650716,0.1321891968864809,0.0034224299692913766,-0.006602954581000729,-0.016346679894309168,0.009437356897479245,0.0,false,1.865161046783182,0.458231437340094,0.0820230556544659,1.026109064470606,2.4682186891843965,0.03498556573353509,4,0.21985439798428846,false,false,false,true,false,2.0568050209699784,0.5352470236137926,0.07926312989880038,1.0136919669340636,2.7078907335220492,0.0008931857418495032,1,0.806709947699018,false,false,false,false,false,false,false,false,true,false,true,0.10329173866447584,-0.7496388440039344,delta_g_hat,true,true,flagged
20182019,2018020983,2019-02-27,ANA,CHI,0.5542,0.4548,0.0994,0.5542107820015808,0.05681377027452719,-0.14894713090606793,0.3027011435200029,0.0,0.0,-1.0,-1.0094974770503153,0.0,2.0,0.0,0.033416295203136256,0.18019383539884795,0.06977807589856318,0.019468101474650716,-0.042219960743574474,-0.005392805064762499,0.007810005905781121,-0.016346679894309168,-0.02856423163873357,0.0,false,2.0735063228630777,0.47654114806137865,0.07464385945209695,0.9960006187309031,2.6141941890326845,0.008368320224114843,0,0.0510604066370336,false,false,false,false,true,1.9090629390305536,0.4653914169738828,0.0717783251373963,1.0849527557664442,2.6540468886507687,0.007709389555455026,1,0.0,false,false,false,false,true,false,false,false,false,true,true,0.21765521147710962,-0.18129493794599663,delta_g_hat,false,true,flagged
20182019,2018020990,2019-02-28,LAK,DAL,0.5567,0.4668,0.0899,0.5567133914010929,-0.05471102432036052,-0.07777890155738953,0.001054551637973855,0.0,0.0,0.0,3.223643392437526,3.0,0.0,0.0,0.033416295203136256,0.17906040513697807,-0.07943131200603615,0.019468101474650716,-0.042219960743574474,-0.0009851875477355615,-0.055707026385667546,0.16480985344189786,0.009437356897479245,0.0,false,1.8719642525415545,0.5246473137417064,0.07565469496968685,0.997119162171472,2.4651440630853365,0.0072542562324666715,2,0.6693231235923958,false,false,false,false,false,1.9257868322865337,0.5000266286249316,0.07950849211508318,1.0060114737620898,2.520382630212755,0.024216215018048694,2,0.6705176276870107,false,false,false,false,false,false,false,false,false,false,false,0.22777975343845408,-0.13299568789215271,home_tz,false,true,""
20182019,2018020997,2019-03-01,ANA,VGK,0.5126,0.3474,0.1652,0.512606772243071,-0.22700893964698676,-0.41149239076966326,0.16151748932297405,0.0,1.0,1.0,-0.35436314901659444,0.0,0.0,0.0,0.033416295203136256,0.18091281842582657,-0.309949257154557,0.019468101474650716,0.1321891968864809,0.0034224299692913766,-0.0020200917809960585,-0.016346679894309168,0.009437356897479245,0.0,false,1.8111660768634437,0.4503920345664061,0.07355138899753629,0.9915075778734613,2.3152787648380655,0.007266160042389065,0,0.02605142128754235,false,false,false,false,true,1.9613245522717515,0.47049420233790046,0.07273153209781388,1.0168391916170376,2.5467248888998393,0.0006208467575342935,1,0.9445621299846403,false,false,false,false,false,false,false,false,false,true,true,0.05041067273886466,-0.6304875303522159,delta_g_hat,true,true,flagged
20182019,2018021000,2019-03-02,LAK,CHI,0.5449,0.4548,0.0901,0.5449020936299982,0.01106834158584673,-0.11730610270124142,0.08361946143211307,0.0,0.0,-1.0,-0.04452993567711105,0.0,0.0,0.0,0.033416295203136256,0.1803516253744217,0.008575117051020976,0.019468101474650716,-0.042219960743574474,-0.005392805064762499,-0.006669047916261236,-0.016346679894309168,0.009437356897479245,0.0,false,2.058683132947148,0.4878704502847471,0.07564179597274745,0.9951494151416792,2.609476198002714,0.03739863084075675,1,0.6730634812891837,false,false,false,false,false,1.9393483687406203,0.4603982835237356,0.07477187745429048,1.0875744189933978,2.691223052247154,0.0183416815965102,2,0.3544216730744762,false,false,false,false,false,false,false,false,false,false,false,0.1800851165664566,-0.18129493794599663,away_back_to_back,true,true,sample
20182019,2018021001,2019-03-02,BOS,NJD,0.683,0.7726,-0.0896,0.6829903197115142,0.3105917189018945,0.26239928376808175,0.5187698732465713,0.0,1.0,1.0,-0.31602310499036274,0.0,0.0,0.0,0.033416295203136256,0.1803516253744217,0.4093084244270877,0.019468101474650716,0.1321891968864809,0.0034224299692913766,-0.002595372852321322,-0.016346679894309168,0.009437356897479245,0.0,false,1.9586725162978764,0.45220002647775576,0.07961541726896494,1.0456383873313484,2.6041498142091726,0.009214243554338378,1,0.5781624450784538,false,false,false,false,false,1.7655626864491107,0.44959743558370796,0.07761173674870084,1.0080876618206447,2.311315022207235,0.004888679325568496,2,0.6736202664307571,false,false,false,false,false,false,false,false,false,false,false,0.7675930856935096,1.2230508689157449,delta_g_hat,true,false,""
20182019,2018021005,2019-03-02,FLA,CAR,0.6085,0.4668,0.1416,0.6084527992038201,-0.03881973986325974,-0.26875289025628746,-0.002438070175302176,0.0,1.0,1.0,2.3918478314467375,3.0,0.0,0.0,0.033416295203136256,0.1803516253744217,-0.05817031049085762,0.019468101474650716,0.1321891968864809,0.0034224299692913766,-0.04322617891655704,0.16480985344189786,0.009437356897479245,0.0,false,1.887060343390049,0.5206996120632793,0.07629639948056288,1.0590172122213701,2.630658436002868,0.0039058928174469515,0,0.15444411149535317,false,false,false,false,false,2.219452860349619,0.5099112003024017,0.07855849346870102,0.9783976544405636,2.7472648408024707,0.0446500583779213,1,0.8474488690940749,false,false,false,false,false,false,false,false,false,false,false,0.44101139699672426,-0.13299568789215271,home_tz,false,true,""
20182019,2018021010,2019-03-03,NYI,PHI,0.484,0.5954,-0.1113,0.48402551400282057,-0.1745414525224274,-0.19939048938259418,0.04535277838299612,0.0,0.0,0.0,-0.04893477621512969,0.0,0.0,0.0,0.033416295203136256,0.179655024331088,-0.2397528343125748,0.019468101474650716,-0.042219960743574474,-0.0009851875477355615,-0.006602954581000729,-0.016346679894309168,0.009437356897479245,0.0,false,1.8613137787486664,0.4974643971831649,0.07881119148868743,1.0315126613310537,2.5144042956202193,0.01816890337195627,1,0.6036502380353448,false,false,false,false,false,1.9276764830415727,0.5470959497500232,0.0769487245167289,1.0358229060925344,2.643131224700914,0.006859558466741,1,0.5975105376473354,false,false,false,false,false,false,false,false,false,false,false,-0.06402185876493102,0.38633452384803113,delta_g_hat,true,true,""
20182019,2018021011,2019-03-03,VGK,VAN,0.6387,0.7213,-0.0826,0.6387009582096361,0.31712210958676523,0.22949982681398273,0.44516589435715836,0.0,0.0,-1.0,-0.036282980332475234,0.0,1.0,0.0,0.033416295203136256,0.179655024331088,0.4180454555097894,0.019468101474650716,-0.042219960743574474,-0.005392805064762499,-0.006792791052878077,-0.016346679894309168,-0.009563437370627162,0.0,false,2.064366394269486,0.44603775487574593,0.07828897164776674,1.028459035366022,2.6623648298694245,0.007727891109952173,0,0.7676682112809842,false,false,false,false,false,1.787711357871727,0.4644434096003468,0.07248983084466079,1.0348963590178055,2.4057662308083976,0.004130468307694479,0,0.8490469576743336,false,false,false,false,false,false,false,false,false,false,false,0.5697262224139492,0.9509192050217247,delta_g_hat,true,false,""
20182019,2018021012,2019-03-03,ANA,COL,0.5427,0.4434,0.0993,0.542712734830907,-0.0036479611580935924,-0.3424532454236875,0.10147867865312232,0.0,0.0,0.0,-0.5347921399661755,0.0,0.0,0.0,0.033416295203136256,0.179655024331088,-0.011113872582345866,0.019468101474650716,-0.042219960743574474,-0.0009851875477355615,0.0006871921005924598,-0.016346679894309168,0.009437356897479245,0.0,false,1.9854522978491111,0.4926511631550249,0.08175500859966336,0.9921188913885991,2.5396839469750376,0.006749212392734086,2,0.5088976982483149,false,false,false,false,false,1.9375743242687087,0.49422747179774157,0.07682696106449988,1.0618669273919965,2.6638299103018452,0.008960092138092582,1,0.1890644491885886,false,false,false,false,false,false,false,false,false,false,false,0.1712170504053494,-0.22737455190957923,away_back_to_back,true,true,""
20182019,2018021020,2019-03-05,NJD,CBJ,0.4308,0.3034,0.1274,0.43077586690392594,-0.3403371665395236,-0.5578634485710521,-0.19041670778625797,0.0,0.0,1.0,-0.4371386191310123,0.0,0.0,0.0,0.033416295203136256,0.17587802568568683,-0.4615714630359755,0.019468101474650716,-0.042219960743574474,0.0034224299692913766,-0.0007780702253010699,-0.016346679894309168,0.009437356897479245,0.0,false,1.9111384519267163,0.4247817193870576,0.07732689702034455,1.0048273601823028,2.4248966811418535,0.001277276311697495,2,0.6437849539485353,false,false,false,false,false,2.029284495769484,0.4702204846591565,0.07469437107963754,1.0534674778319724,2.7118352982701253,0.0070630321543566485,1,0.8167236584106362,false,false,false,false,false,false,false,false,false,false,false,-0.27858792093346363,-0.8311592910174689,delta_g_hat,true,false,sample
20182019,2018021021,2019-03-05,NYI,OTT,0.67,0.7513,-0.0813,0.6699803249653825,0.38687933423483156,0.2559046487496195,0.4509729261106026,0.0,0.0,0.0,-1.7344388891664806,0.0,0.0,0.0,0.033416295203136256,0.17587802568568683,0.5113738748040826,0.019468101474650716,-0.042219960743574474,-0.0009851875477355615,0.018687538334405895,-0.016346679894309168,0.009437356897479245,0.0,false,1.9952453945004085,0.4992344575744751,0.07678011232271562,1.0300796477112955,2.648602558300837,0.0028307290740458707,1,0.6467282813035629,false,false,false,false,false,1.892278671919419,0.4454439960181509,0.07672980393357472,0.9824535881665198,2.372087494447329,0.012635531695177837,0,0.5364883231756072,false,false,false,false,false,false,false,false,false,false,false,0.708185057924486,1.1055576885657559,delta_g_hat,true,false,""
20182019,2018021022,2019-03-05,PIT,FLA,0.5449,0.631,-0.0861,0.5449296624085077,-0.0011707006147592244,-0.01775886614505584,0.07116366673565189,0.0,0.0,1.0,-0.8213315285125901,0.0,0.0,0.0,0.033416295203136256,0.17587802568568683,-0.007799537589003678,0.019468101474650716,-0.042219960743574474,0.0034224299692913766,0.00498663125374225,-0.016346679894309168,0.009437356897479245,0.0,false,2.100489160907409,0.49682391126343756,0.07976294389369865,1.0567830207648432,2.8290884790738016,0.008847130798687802,1,0.7201546643456652,false,false,false,false,false,2.062470975959869,0.5348188043629906,0.07486889462476723,1.058303419727511,2.8279546637516075,0.007170406384032532,1,0.6692075214024281,false,false,false,false,false,false,false,false,false,false,false,0.1800851165664566,0.536509218500686,away_back_to_back,true,false,""
20182019,2018021027,2019-03-05,ARI,ANA,0.4706,0.5954,-0.1248,0.4705569224881945,-0.2067713905702073,-0.34911474095613215,-0.04728790060221133,0.0,0.0,1.0,-0.5205117975989916,0.0,1.0,0.0,0.033416295203136256,0.17587802568568683,-0.2828733739717695,0.019468101474650716,-0.042219960743574474,0.0034224299692913766,0.00047291976824290975,-0.016346679894309168,-0.009563437370627162,0.0,false,1.855914444280166,0.4974525598280561,0.07267957716804462,1.014526282902456,2.461288020250422,0.00026056773104268793,1,0.8357355002093468,false,false,false,false,false,1.9120647015397945,0.4605639933217156,0.07888448491770404,1.0013783306564668,2.4548921755496362,0.011843408745483168,1,0.41403810276198777,false,false,false,false,false,false,false,false,false,false,false,-0.11773581349973876,0.38633452384803113,delta_g_hat,true,true,""
20182019,2018021028,2019-03-05,LAK,MTL,0.5045,0.4119,0.0926,0.5045161446003654,-0.11177485076012948,-0.14077089106839447,-0.03469529186257203,0.0,0.0,0.0,-3.969167528169922,0.0,3.0,0.0,0.033416295203136256,0.17587802568568683,-0.15577719226971087,0.019468101474650716,-0.042219960743574474,-0.0009851875477355615,0.05221898354316885,-0.016346679894309168,-0.04756502590683998,0.0,false,1.8492069462304368,0.50401292870025,0.07866831189402135,0.9982998701489783,2.42775366112394,0.003874072122694125,2,0.6766947357427155,false,false,false,false,false,1.9982990943851613,0.4826158349824179,0.0770676938825054,1.0170198320937844,2.601519057996619,0.0054004424051397465,1,0.8146591176237636,false,false,false,false,false,false,false,false,false,false,false,0.018000486023620674,-0.3561164000238754,delta_g_hat,true,true,""
20182019,2018021031,2019-03-06,ANA,STL,0.5114,0.3474,0.164,0.5114006426493373,0.01797203611784795,-0.26730340618322934,0.1413005408150454,1.0,0.0,-3.0,-2.0090793348285825,1.0,2.0,0.0,0.033416295203136256,0.17827788446264628,0.017811592573276285,-0.16561532118972722,-0.042219960743574474,-0.014208040098816375,0.022808437353239664,0.04403883121775984,-0.02856423163873357,0.0,false,1.8132110107895558,0.4502148629350382,0.0762946729282861,1.0069552339947032,2.355993850537066,0.009925585301192742,2,0.8288231712199995,false,false,false,false,false,1.955108820110368,0.4822414397320729,0.06999219092818966,1.0285695395892749,2.5789760701817914,0.006927711789950844,2,0.5349625590627565,false,false,false,false,false,false,false,false,false,false,false,0.04560790403344606,-0.6304875303522159,home_back_to_back,true,true,""
20182019,2018021033,2019-03-07,BOS,FLA,0.5759,0.6653,-0.0894,0.575925622316553,0.0952801457468438,0.05331088176779586,0.19859563319775564,0.0,0.0,0.0,-0.7743389010278132,0.0,0.0,0.0,0.033416295203136256,0.1780049928278326,0.12124236561083451,0.019468101474650716,-0.042219960743574474,-0.0009851875477355615,0.004281520715388794,-0.016346679894309168,0.009437356897479245,0.0,false,2.0027490563224233,0.4318827655912377,0.0803268562589782,1.0503204878528032,2.641512625787928,0.003217708137628797,2,0.5768089206942448,false,false,false,false,false,1.8627647566966445,0.5231420410135299,0.07371075095435028,1.058243485973453,2.6028742488602266,0.007898834564480997,0,0.7053347183096563,false,false,false,false,false,false,false,false,false,false,false,0.30596475803208145,0.6870034585305609,delta_g_hat,true,false,""
20182019,2018021042,2019-03-07,LAK,STL,0.5511,0.3474,0.2038,0.5511441215247137,-0.10545686322841838,-0.24319963364379138,-0.06921995030725903,0.0,1.0,1.0,-0.04452993567711105,0.0,0.0,0.0,0.033416295203136256,0.1780049928278326,-0.1473243360611892,0.019468101474650716,0.1321891968864809,0.0034224299692913766,-0.006669047916261236,-0.016346679894309168,0.009437356897479245,0.0,false,1.8495321997445324,0.46639005775612324,0.07705339594863632,0.9984644409802587,2.389301098100616,0.013319481020143041,0,0.6919577466437077,false,false,false,false,false,2.0229203991654674,0.4845057304417373,0.07225727893796528,1.0236892189278493,2.640794093574737,0.0006649588164533426,1,0.7999930474310621,false,false,false,false,false,false,false,false,false,false,false,0.2051161351013034,-0.6304875303522159,delta_g_hat,true,true,large
20182019,2018021044,2019-03-08,FLA,MIN,0.554,0.4644,0.0896,0.5539903755092827,0.0618611743734869,0.003141290156372545,0.09230288427838085,1.0,1.0,0.0,1.7008305181460568,0.0,0.0,0.0,0.033416295203136256,0.18108009727341062,0.07653101437156051,-0.16561532118972722,0.1321891968864809,-0.0009851875477355615,-0.03285766760165252,-0.016346679894309168,0.009437356897479245,0.0,false,1.8597156840960058,0.5120553853333019,0.0767183205046584,1.058476039317442,2.591667351768084,0.0011509113911723906,0,0.5795335390510492,false,false,false,false,false,2.0757166107808533,0.4693592016062184,0.07802110583993116,0.9971769248605268,2.615691718528727,0.005835433992224387,1,0.4498908064473854,false,false,false,false,false,false,false,false,false,false,false,0.21684573472721994,-0.14264136399328126,home_back_to_back,false,true,""
20182019,2018021045,2019-03-08,WSH,NJD,0.6619,0.7664,-0.1044,0.6619398213536027,0.377628167821427,0.27133824201285117,0.5945810199578125,0.0,0.0,-1.0,-0.12351223274405732,0.0,0.0,0.0,0.033416295203136256,0.18108009727341062,0.49899670896430837,0.019468101474650716,-0.042219960743574474,-0.005392805064762499,-0.005483941805237584,-0.016346679894309168,0.009437356897479245,0.0,false,1.958549857495089,0.5109375659407387,0.07980342262338039,1.0890746698500837,2.7763680865237728,0.0018924150526557874,0,0.7937048086228707,false,false,false,false,false,1.8695390837672983,0.44744513704568917,0.08038505869648752,0.9997914911548526,2.3968694068096124,0.00015447944425149573,2,0.34005031343452613,false,false,false,false,false,false,false,false,false,false,false,0.671772777411037,1.1880939757025786,delta_g_hat,true,false,""
20182019,2018021047,2019-03-08,ANA,MTL,0.5791,0.4367,0.1423,0.5790890744079689,-0.027649681124604048,-0.18305701247582906,0.14492032704169144,0.0,1.0,1.0,-0.5347921399661755,0.0,0.0,0.0,0.033416295203136256,0.18108009727341062,-0.043225852325232475,0.019468101474650716,0.1321891968864809,0.0034224299692913766,0.0006871921005924598,-0.016346679894309168,0.009437356897479245,0.0,false,1.8238035336916816,0.47498502254411773,0.07728977019736342,1.001339587857442,2.379261292107584,0.014275501983444395,3,0.5413109995437854,false,false,false,false,false,1.9614147405706468,0.48535483870629853,0.07294945669144685,1.0120137027500675,2.549990191480203,0.01333102669894233,2,0.9544052164040342,false,false,false,false,false,false,false,false,false,false,false,0.31907989845521906,-0.25456588540915315,away_back_to_back,false,true,""
20182019,2018021050,2019-03-09,BOS,OTT,0.7187,0.8129,-0.0942,0.7186973872411743,0.5678745807428917,0.4975202362392941,0.6358057639136532,0.0,0.0,0.0,-0.5082358357208107,0.0,0.0,0.0,0.033416295203136256,0.18233096080575137,0.7535280078218507,0.019468101474650716,-0.042219960743574474,-0.0009851875477355615,0.00028872257493775327,-0.016346679894309168,0.009437356897479245,0.0,false,2.057418754746414,0.45364261392547006,0.08079436908957804,1.0399303971792964,2.695349566801715,0.004981846465906631,1,0.5813129285506277,false,false,false,false,false,1.8090742326318476,0.45655083808016034,0.07601879192235844,0.9813602298024946,2.2979961591504625,0.00925981489213537,0,0.5915707043678714,false,false,false,false,false,false,false,false,false,false,false,0.9380223089785859,1.4689648674724824,delta_g_hat,true,false,""
20182019,2018021052,2019-03-09,NYI,PHI,0.4973,0.5791,-0.0819,0.49725210656633556,-0.12885752396227415,-0.2027148860738217,0.0934011326611115,0.0,0.0,-1.0,0.3806347549641376,0.0,0.0,0.0,0.033416295203136256,0.18233096080575137,-0.17863215668838686,0.019468101474650716,-0.042219960743574474,-0.005392805064762499,-0.013048518908898264,-0.016346679894309168,0.009437356897479245,0.0,false,1.8704284974202858,0.49074311852165403,0.07695046536178848,1.0315876392954997,2.515136602166343,0.01038724524576333,1,0.7215863211699202,false,false,false,false,false,1.9080689931209964,0.5305353300105579,0.07605386825444967,1.0372755757881218,2.6083935233802342,0.013844692921214194,2,0.6685008371684498,false,false,false,false,false,false,false,false,false,false,false,-0.010800104977836504,0.31907989845521906,delta_g_hat,true,true,""
20182019,2018021055,2019-03-09,EDM,TOR,0.4668,0.3811,0.0857,0.46678380105781486,-0.2195202989256749,-0.3044920141994223,0.027862276306947376,0.0,0.0,-1.0,-0.8172181821797639,0.0,1.0,0.0,0.033416295203136256,0.18233096080575137,-0.299930180210069,0.019468101474650716,-0.042219960743574474,-0.005392805064762499,0.004924911703199714,-0.016346679894309168,-0.009563437370627162,0.0,false,2.0849700986957305,0.4891519755696375,0.07415486699331508,1.0291982246831963,2.725601926412882,0.005950705381844862,1,0.17514394025898053,false,false,false,false,false,2.123394609321871,0.5300964357766028,0.07001255503942512,1.044186344172264,2.8438452675679926,0.0038973958706298023,3,0.839124900370176,false,false,false,false,false,false,false,false,false,false,false,-0.13299568789215271,-0.48488190086550137,delta_g_hat,true,false,""
20182019,2018021058,2019-03-09,ARI,LAK,0.5161,0.6206,-0.1045,0.5160775067622079,-0.07216346045999865,-0.1447932110010668,-0.04981954744136541,0.0,0.0,0.0,-0.5578727539001308,0.0,1.0,0.0,0.033416295203136256,0.18233096080575137,-0.10278098346966673,0.019468101474650716,-0.042219960743574474,-0.0009851875477355615,0.0010335099165471341,-0.016346679894309168,-0.009563437370627162,0.0,false,1.9120136096906615,0.49195506191944044,0.07488659911896196,1.011363625908298,2.507024054706442,0.012210280256237535,0,0.8154061506896542,false,false,false,false,false,1.920293862264604,0.4861688732270306,0.0795624902740142,0.9952757340825167,2.4742805815215605,0.008605170678521325,2,0.30468353405538706,false,false,false,false,false,false,false,false,false,false,false,0.06442227135540858,0.4920956945133661,delta_g_hat,true,false,""
20182019,2018021059,2019-03-09,VAN,VGK,0.4477,0.3272,0.1205,0.4476557411545326,-0.33604935017704174,-0.4692127546194169,-0.2408103761331315,0.0,0.0,-1.0,-0.7826039175831159,1.0,0.0,0.0,0.033416295203136256,0.18233096080575137,-0.4558347794830737,0.019468101474650716,-0.042219960743574474,-0.005392805064762499,0.004405534855153538,0.04403883121775984,0.009437356897479245,0.0,false,1.7935700807624668,0.4610883141522691,0.07266541097250577,1.0305112945946429,2.398333468145793,0.008138105502566773,1,0.83518533087227,false,false,false,false,false,2.0780771916646796,0.447628895441743,0.07834383042695758,1.0262718228489938,2.672463055656754,0.0013246412305992633,1,0.7803393898065154,false,false,false,false,false,false,false,false,false,false,false,-0.20996801166022203,-0.7208765039301465,delta_g_hat,true,false,""
20182019,2018021072,2019-03-12,BUF,DAL,0.4963,0.4119,0.0844,0.4963482871412386,-0.21430171264270675,-0.2942245837311872,-0.10678672329052752,0.0,0.0,0.0,0.2741710780519752,2.0,1.0,0.0,0.033416295203136256,0.18521948190316265,-0.29294821653250747,0.019468101474650716,-0.042219960743574474,-0.0009851875477355615,-0.011451062785234152,0.10442434232982885,-0.009563437370627162,0.0,false,1.9170621366424883,0.5559012531337734,0.07154682022737988,1.012317288563557,2.575851676513173,0.003187662209040265,3,0.3786583871655638,false,false,false,false,false,2.075251307154046,0.47863583048259717,0.08442711250672089,1.0128107272992055,2.6721129745315584,0.008124841881192646,2,0.5339750467800007,false,false,false,false,false,false,false,false,false,false,false,-0.014800270158209774,-0.3561164000238754,delta_g_hat,true,false,""
20182019,2018021078,2019-03-12,CGY,NJD,0.6172,0.8014,-0.1842,0.6171921261537343,0.22209212684585594,0.18532819575521087,0.4401669357921545,0.0,0.0,-1.0,-3.256746702764785,0.0,2.0,0.0,0.033416295203136256,0.18521948190316265,0.290904530401054,0.019468101474650716,-0.042219960743574474,-0.005392805064762499,0.04152931883143593,-0.016346679894309168,-0.02856423163873357,0.0,false,2.0073325149058006,0.5273588156617348,0.07439561308018176,1.008714621888669,2.63182414983627,0.001021972785891001,0,0.5188341962853027,false,false,false,false,false,1.8179103466508166,0.42950498282460636,0.08158053542264422,1.013001672184849,2.3592767056533406,0.017996678662237087,2,0.3989070602967639,false,false,false,false,false,false,false,false,false,false,false,0.4776804609102064,1.395067446590972,delta_g_hat,true,false,""
20182019,2018021079,2019-03-12,ANA,NSH,0.5046,0.3987,0.1059,0.5046497918217998,-0.11654765556899027,-0.3771098592549498,0.0035663217206289843,0.0,0.0,-1.0,-2.833105270744329,0.0,2.0,0.0,0.033416295203136256,0.18521948190316265,-0.1621627434532402,0.019468101474650716,-0.042219960743574474,-0.005392805064762499,0.03517270388587791,-0.016346679894309168,-0.02856423163873357,0.0,false,1.8560467995917376,0.4590786733177257,0.07815591997418246,1.012962940630652,2.4243053574920403,0.0075081643084796285,0,0.628098119441257,false,false,false,false,false,2.0263580181420613,0.5212328716740653,0.07199974748535554,1.029606160276598,2.6971466575685055,0.011582645544011103,2,0.6284772185773738,false,false,false,false,false,false,false,false,false,false,false,0.01840051915169837,-0.41088472365821355,delta_g_hat,true,true,""
20182019,2018021081,2019-03-13,EDM,NJD,0.6311,0.7513,-0.1202,0.6311141980453732,0.13371439763813406,0.08937462598707535,0.319248872370685,0.0,1.0,1.0,-0.28156831484753003,0.0,0.0,0.0,0.033416295203136256,0.18617096797669466,0.1726636770788539,0.019468101474650716,0.1321891968864809,0.0034224299692913766,-0.0031123568331455106,-0.016346679894309168,0.009437356897479245,0.0,false,1.9273070818368365,0.5130605797644844,0.0741675421832615,1.030018413781991,2.590017562001171,0.000029918521948439636,1,0.8399763045028056,false,false,false,false,false,1.8627489586297072,0.4435989093555069,0.07551227539162089,1.015641679712996,2.4191164368606857,0.000059771050022722205,3,0.8541358043219871,false,false,false,false,false,false,false,false,false,false,false,0.5369387239875638,1.1055576885657559,delta_g_hat,true,false,sample
20182019,2018021086,2019-03-14,OTT,STL,0.3684,0.2799,0.0884,0.3683964001457032,-0.5322549856583695,-0.6221732801090258,-0.41378279465561096,0.0,0.0,1.0,-0.7877686690653553,0.0,1.0,0.0,0.033416295203136256,0.18520757252614528,-0.7183389417184359,0.019468101474650716,-0.042219960743574474,0.0034224299692913766,0.0044830304303750635,-0.016346679894309168,-0.009563437370627162,0.0,false,1.8286756715614878,0.4206611142669194,0.07627415370671853,0.9838923538213069,2.2881508213717963,0.011636666156874892,3,0.29064708286415697,false,false,false,false,false,2.1587642431828034,0.48626014021198205,0.07381452232758583,1.0049130651271232,2.7321967383363415,0.010549167953442157,2,0.5014962691840584,false,false,false,false,false,false,false,false,false,false,false,-0.5390869780003351,-0.9449576947334133,delta_g_hat,true,false,""
20182019,2018021087,2019-03-14,DET,TBL,0.2969,0.2044,0.0925,0.2968705133768176,-0.7660084948155885,-0.7924215551915381,-0.7297045605658403,0.0,0.0,-1.0,0.5039921418511845,0.0,0.0,0.0,0.033416295203136256,0.18520757252614528,-1.0310785271047658,0.019468101474650716,-0.042219960743574474,-0.005392805064762499,-0.01489946017635513,-0.016346679894309168,0.009437356897479245,0.0,false,1.8506070992102872,0.47668929484787365,0.083466739410364,1.0154267547483105,2.447953385084812,0.019860186488460274,1,0.5706634748033432,false,false,false,false,false,2.244587348676519,0.5204915414423582,0.07892780588321423,1.1412333892827253,3.245675400821232,0.007903395939726887,0,0.6925545660780932,false,false,false,false,false,false,false,false,false,false,false,-0.8621037474354016,-1.3590176886502676,delta_g_hat,true,false,""
20182019,2018021090,2019-03-14,ARI,ANA,0.4891,0.5791,-0.09,0.48908394479909734,-0.23611137002853033,-0.3704112490665574,-0.04691183102488683,0.0,0.0,0.0,1.535456149754224,2.0,0.0,0.0,0.033416295203136256,0.18520757252614528,-0.32212742857023074,0.019468101474650716,-0.042219960743574474,-0.0009851875477355615,-0.030376273898684907,0.10442434232982885,0.009437356897479245,0.0,false,1.8552621083155234,0.4967799152654968,0.07000748688408825,1.013618724197032,2.455034734739689,0.004179083439014478,0,0.8276953005284428,false,false,false,false,false,1.8953092218165897,0.45470125306975245,0.07930565537134174,1.0150455152662181,2.4658664431819455,0.0020671417510547407,0,0.3037414248811362,false,false,false,false,false,false,false,false,false,false,false,-0.04360690879144085,0.31907989845521906,delta_g_hat,true,true,""
20182019,2018021091,2019-03-14,LAK,NSH,0.4518,0.3404,0.1114,0.45181227202829877,-0.2817427530551081,-0.3937756139169526,-0.2377714388127523,0.0,0.0,2.0,0.0,0.0,0.0,0.0,0.033416295203136256,0.18520757252614528,-0.3831778053529744,0.019468101474650716,-0.042219960743574474,0.007830047486318313,-0.007337206489184276,-0.016346679894309168,0.009437356897479245,0.0,false,1.8902249364735386,0.4785221873585235,0.0787141914407004,0.9969476108615537,2.439990710937256,0.003869225161336344,2,0.73505239096389,false,false,false,false,false,2.0757327996362998,0.5168959063635442,0.07544981890212052,1.0348524293177466,2.7610675431053076,0.012102450206144463,2,0.7155678481203949,false,false,false,false,false,false,false,false,false,false,false,-0.19340057983478265,-0.6615121939862249,delta_g_hat,true,false,""
20182019,2018021096,2019-03-15,COL,ANA,0.5361,0.6589,-0.1228,0.536123470591474,-0.1568295991269023,-0.20415137988133303,0.11314685150678372,0.0,1.0,3.0,-0.9462557574140483,0.0,1.0,0.0,0.033416295203136256,0.18301312255779098,-0.21605608765276574,0.019468101474650716,0.1321891968864809,0.012237665003345253,0.006861082524266178,-0.016346679894309168,-0.009563437370627162,0.0,false,1.9033354509361493,0.4850935898767895,0.07392656503955107,1.0526299969432131,2.5919493738616097,0.000037554056824706805,0,0.652646087857107,false,false,false,false,false,1.9622154872949533,0.48351845931176074,0.0805769828389058,1.0131504444184272,2.559533040906959,0.009783502969894317,0,0.895354764499298,false,false,false,false,false,false,false,false,false,false,false,0.1446516990757942,0.6583960884951744,delta_g_hat,true,false,""
20182019,2018021097,2019-03-15,CGY,NYR,0.6186,0.731,-0.1124,0.6186121806694314,0.2367177688172826,0.1660524650488897,0.33724683530214916,0.0,0.0,1.0,-0.673727494123992,0.0,1.0,0.0,0.033416295203136256,0.18301312255779098,0.3104722246899832,0.019468101474650716,-0.042219960743574474,0.0034224299692913766,0.0027718761799894157,-0.016346679894309168,-0.009563437370627162,0.0,false,2.124432293472609,0.5431424168202184,0.07571027450834238,1.0140349150555676,2.7817867565360683,0.007984335529179251,0,0.5909774943518332,false,false,false,false,false,1.89983439032514,0.44208412395066526,0.08081926782865329,1.0159146424572258,2.4612947876742637,0.01887046591199193,1,0.41578427439034366,false,false,false,false,false,false,false,false,false,false,false,0.4836101670846507,0.9997020801479394,delta_g_hat,true,false,""
20182019,2018021098,2019-03-15,VAN,NJD,0.5215,0.6269,-0.1055,0.5214543619214191,-0.05945903952710607,-0.17859986302248387,0.1025851264002946,0.0,0.0,0.0,-0.8172181821797639,0.0,1.0,0.0,0.033416295203136256,0.18301312255779098,-0.08578369709971564,0.019468101474650716,-0.042219960743574474,-0.0009851875477355615,0.004924911703199714,-0.016346679894309168,-0.009563437370627162,0.0,false,1.835814130855687,0.4790287678060753,0.07565670729046178,1.0300182095493675,2.4622581240513783,0.011069263612142333,2,0.8365235108975368,false,false,false,false,false,1.892740457913183,0.4326332772999297,0.08137870651442762,1.021717039814006,2.459019980326994,0.0008675741009480376,1,0.4340246938041905,false,false,false,false,false,false,false,false,false,false,false,0.08605306354781814,0.5189405580528108,delta_g_hat,true,false,sample
20182019,2018021100,2019-03-16,DET,NYI,0.4297,0.2898,0.14,0.42973049065248836,-0.34905148799692526,-0.3896367081340326,-0.295957966675382,0.0,0.0,0.0,-0.8076309265385518,0.0,0.0,0.0,0.033416295203136256,0.1826030972430905,-0.47323038225107905,0.019468101474650716,-0.042219960743574474,-0.0009851875477355615,0.004781057755286348,-0.016346679894309168,0.009437356897479245,0.0,false,1.8147789427679804,0.46659277876864236,0.07892308771589607,1.0142515141846533,2.3939325842065444,0.02044628746835825,3,0.4325851903187591,false,false,false,false,false,2.042486499622458,0.5240854472437851,0.07428300123504555,1.0242366314960951,2.704860376313059,0.008190824769332687,1,0.4980042303112206,false,false,false,false,false,false,false,false,false,false,false,-0.28307524738154377,-0.8963555906224054,delta_g_hat,true,false,""
20182019,2018021101,2019-03-16,LAK,FLA,0.4955,0.3897,0.1058,0.495487707599372,-0.1474137557804459,-0.16422387806996852,-0.08047266763355587,0.0,0.0,0.0,-0.49135496821916597,0.0,0.0,0.0,0.033416295203136256,0.1826030972430905,-0.20345860000498528,0.019468101474650716,-0.042219960743574474,-0.0009851875477355615,0.0000354301286744759,-0.016346679894309168,0.009437356897479245,0.0,false,1.9705626146996487,0.4755921521698877,0.07809133997941398,0.9964291700962498,2.515232453366189,0.007700682258071773,2,0.7585323187947606,false,false,false,false,false,1.9679202346403837,0.5158796001593575,0.073247891473242,1.058190850422192,2.7058445080349407,0.0021852223608724575,1,0.35395634002047227,false,false,false,false,false,false,false,false,false,false,false,-0.018000486023620896,-0.4485734272057858,delta_g_hat,true,false,""
20182019,2018021104,2019-03-16,OTT,TOR,0.3887,0.2707,0.118,0.38872379861787487,-0.6063703359769904,-0.7557558922479122,-0.43202061496578104,0.0,1.0,1.0,-0.32985852175047065,0.0,0.0,0.0,0.033416295203136256,0.1826030972430905,-0.8174981116191471,0.019468101474650716,0.1321891968864809,0.0034224299692913766,-0.002387776497696878,-0.016346679894309168,0.009437356897479245,0.0,false,2.0293105483601206,0.430423520771703,0.07678725998961283,0.9809219686490451,2.488129495682092,0.008090060759396223,2,0.35652394546142846,false,false,false,false,false,2.222409400024258,0.5601807763913536,0.07312697236557077,1.0411237763816041,2.973155022216772,0.00022330024401975151,0,0.5048617306287366,false,false,false,false,false,false,false,false,false,false,false,-0.4527799991765023,-0.9910739733699319,delta_g_hat,true,false,sample
20182019,2018021111,2019-03-17,COL,NJD,0.5828,0.7168,-0.134,0.5827802524386313,0.11540478924088146,0.06108658944982803,0.19813705661712255,0.0,0.0,0.0,-1.7764628566970166,0.0,1.0,0.0,0.033416295203136256,0.18327964371160968,0.14816719204473394,0.019468101474650716,-0.042219960743574474,-0.0009851875477355615,0.019318095593175974,-0.016346679894309168,-0.009563437370627162,0.0,false,1.9442194066808767,0.4837028586552437,0.07710879513313411,1.052490051322604,2.636520269398003,0.004917552295972932,1,0.3311468988944442,false,false,false,false,false,1.9289016398228258,0.4598054474917998,0.08257954473118712,1.0184259098193527,2.5168223366656606,0.015046038304476261,1,0.513772325718091,false,false,false,false,false,false,false,false,false,false,false,0.3342783511944324,0.9286434998411559,delta_g_hat,true,false,""
20182019,2018021115,2019-03-17,PIT,PHI,0.4961,0.5954,-0.0993,0.4960819619225927,-0.003034100236318691,-0.053225898320977905,0.07416140849000552,1.0,0.0,-1.0,-0.35979689528381953,0.0,0.0,0.0,0.033416295203136256,0.18327964371160968,-0.010292586044860642,-0.16561532118972722,-0.042219960743574474,-0.005392805064762499,-0.0019385600182317748,-0.016346679894309168,0.009437356897479245,0.0,false,2.068737541022367,0.495147969664752,0.08027762805678679,1.0546124355602802,2.7885673277694254,0.007671994017808857,1,0.391377545192008,false,false,false,false,false,2.0460064923833325,0.5576961795398832,0.07614266165785259,1.037449773538829,2.780204934442767,0.005158872437287996,1,0.29694087792512985,false,false,false,false,false,false,false,false,false,false,false,-0.015600316379549227,0.38633452384803113,home_back_to_back,true,true,""
20182019,2018021116,2019-03-17,ANA,FLA,0.6012,0.4794,0.1219,0.6012412765750621,0.014711811290786183,-0.15614920817956834,0.14282271948058023,0.0,1.0,1.0,1.2764274206647448,1.0,0.0,0.0,0.033416295203136256,0.18327964371160968,0.01344972710072097,0.019468101474650716,0.1321891968864809,0.0034224299692913766,-0.02648962409012799,0.04403883121775984,0.009437356897479245,0.0,false,1.9310524688686697,0.44927061028062454,0.07714727983824356,1.015768059727313,2.4962198983861548,0.006390512470755949,0,0.6712963587755192,false,false,false,false,false,1.9355099489062058,0.5209066469899534,0.0688205340995855,1.0529253456892547,2.658886178048111,0.007953504495215119,0,0.1225443345238094,false,false,false,false,false,false,false,false,false,false,false,0.41046761979113594,-0.08244667056018094,away_back_to_back,false,true,""
20182019,2018021120,2019-03-18,LAK,WPG,0.4732,0.3648,0.1083,0.47316899603264884,-0.20869911951635572,-0.28273963718992956,-0.16650565978037735,0.0,0.0,0.0,-2.464454649037816,0.0,2.0,0.0,0.033416295203136256,0.18354760070849582,-0.28545248884165664,0.019468101474650716,-0.042219960743574474,-0.0009851875477355615,0.02964120985694704,-0.016346679894309168,-0.02856423163873357,0.0,false,1.981094194967579,0.4951111121257629,0.07904702495350067,0.9932446206866764,2.5379906333026114,0.002976593737098278,2,0.23874332531850476,false,false,false,false,false,1.9520211110921182,0.5143999998487417,0.07565834818191626,1.099173717879024,2.7941869302278803,0.002333409798805419,1,0.24960210688838574,false,false,false,false,false,false,false,false,false,false,false,-0.1073028377648941,-0.5545906517327497,delta_g_hat,true,false,""
20182019,2018021122,2019-03-19,NJD,WSH,0.4533,0.2964,0.1569,0.45327469549118277,-0.3438973199221038,-0.3999949439890216,-0.22667317827608624,0.0,0.0,-1.0,0.9953144255230898,2.0,0.0,0.0,0.033416295203136256,0.18179070755922055,-0.4663346039051507,0.019468101474650716,-0.042219960743574474,-0.005392805064762499,-0.02227160637220625,0.10442434232982885,0.009437356897479245,0.0,false,1.8818387236348315,0.4567551768256743,0.08035295712944573,1.0152379959286417,2.455806759957508,0.007507564942806161,2,0.49541598814580523,false,false,false,false,false,1.9565026846891473,0.5152338711921175,0.07934742853211064,1.0925453813258519,2.787175024545185,0.0009025766977784691,2,0.22287137061977466,false,false,false,false,false,false,false,false,false,false,false,-0.18734604795414997,-0.8645001194414713,delta_g_hat,true,false,""
20182019,2018021127,2019-03-19,STL,EDM,0.5809,0.6775,-0.0966,0.5809301563897754,0.08739892924912769,0.009849354184575443,0.1991513609347182,0.0,0.0,0.0,-1.1547117934718893,1.0,2.0,0.0,0.033416295203136256,0.18179070755922055,0.11069806024950675,0.019468101474650716,-0.042219960743574474,-0.0009851875477355615,0.009988903965095105,0.04403883121775984,-0.02856423163873357,0.0,false,2.0711078730146215,0.48396597527816665,0.07115494867319083,1.004696115053481,2.638561869553296,0.0043204752465269836,1,0.4424995363777019,false,false,false,false,false,1.8891247653051322,0.4938101108644795,0.0744918520374155,1.0279209122245594,2.5260403241835814,0.013789842298316625,2,0.8442218454631512,false,false,false,false,false,false,false,false,false,false,false,0.3264690700674609,0.7423064165180286,delta_g_hat,true,false,""
20182019,2018021135,2019-03-20,ANA,WPG,0.5448,0.3897,0.1551,0.5448164424200507,0.003724905761330437,-0.21493493300009403,0.09857277538686882,0.0,0.0,1.0,-0.04452993567711105,0.0,0.0,0.0,0.033416295203136256,0.181120171557578,-0.0012496897865341384,0.019468101474650716,-0.042219960743574474,0.0034224299692913766,-0.006669047916261236,-0.016346679894309168,0.009437356897479245,0.0,false,1.9385358301284659,0.48795553853258844,0.07826074865373195,1.0160861742487803,2.5450439963239133,0.0075493554906359076,1,0.7349177161427454,false,false,false,false,false,1.90717034488588,0.5205085452092864,0.0728421003206995,1.0976802392500438,2.7447724790094443,0.006011518722248213,2,0.7472947253229719,false,false,false,false,false,false,false,false,false,false,false,0.1796818720231812,-0.4485734272057858,away_back_to_back,true,true,""
20182019,2018021137,2019-03-21,NJD,BOS,0.4234,0.2265,0.1969,0.42335589526462347,-0.35779800625573593,-0.44746049208560557,-0.29622621364564994,0.0,0.0,0.0,-0.04893477621512969,0.0,0.0,0.0,0.033416295203136256,0.17937622695378727,-0.48493237767222436,0.019468101474650716,-0.042219960743574474,-0.0009851875477355615,-0.006602954581000729,-0.016346679894309168,0.009437356897479245,0.0,false,1.7270567132296768,0.44411280027250005,0.07890420372788338,1.0038094416928571,2.2586452418604783,0.012637395027548515,2,0.5135723445005752,false,false,false,false,false,1.9105620104473533,0.4565284388768428,0.07682535629645901,1.065391857732704,2.6037280002925076,0.0282144876002223,0,0.6636068073171846,false,false,false,false,false,false,false,false,false,false,false,-0.30883142650353695,-1.228180725090032,delta_g_hat,true,false,""
20182019,2018021140,2019-03-21,STL,DET,0.6952,0.7786,-0.0834,0.6951990842744754,0.4901870149138156,0.42246058242983375,0.5851612565561988,0.0,0.0,0.0,-1.4048083884114524,0.0,1.0,0.0,0.033416295203136256,0.17937622695378727,0.6495895590915801,0.019468101474650716,-0.042219960743574474,-0.0009851875477355615,0.013741529730813957,-0.016346679894309168,-0.009563437370627162,0.0,false,2.159921430893014,0.5158238444432173,0.0733422581066303,1.0259099615914227,2.820316285845825,0.023091455734063432,0,0.42125585575144087,false,false,false,false,false,1.7315668791225578,0.449990849545269,0.07978447458341653,1.0211841748656822,2.309246871916065,0.0019221224949711457,1,0.35879086660966725,false,false,false,false,false,false,false,false,false,false,false,0.8245437501386913,1.2575264149018186,delta_g_hat,true,false,""
20182019,2018021146,2019-03-21,VGK,WPG,0.5439,0.6275,-0.0835,0.5439408003462579,-0.12785049286760372,-0.2504514905269839,0.11500608167818882,0.0,1.0,2.0,0.26011737624562964,0.0,0.0,0.0,0.033416295203136256,0.17937622695378727,-0.1772848464890497,0.019468101474650716,0.1321891968864809,0.007830047486318313,-0.0112401911277653,-0.016346679894309168,0.009437356897479245,0.0,false,2.0835288093169355,0.47420429772619044,0.07631532944378229,1.0200543402947895,2.686872540185175,0.018370520717091332,2,0.6459071362103911,false,false,false,false,false,1.8831422193164518,0.4851835659144123,0.0729937978023304,1.0993545482318476,2.68387578729502,0.0057087317565473195,0,0.6363706365070311,false,false,false,false,false,false,false,false,false,false,false,0.1760533227112605,0.5215066331863245,delta_g_hat,true,false,""
20182019,2018021147,2019-03-21,LAK,SJS,0.4531,0.2964,0.1567,0.45312832431387196,-0.2720753726771242,-0.2948254666012273,-0.23447641938099384,0.0,0.0,0.0,-0.49135496821916597,0.0,0.0,0.0,0.033416295203136256,0.17937622695378727,-0.37024378548699177,0.019468101474650716,-0.042219960743574474,-0.0009851875477355615,0.0000354301286744759,-0.016346679894309168,0.009437356897479245,0.0,false,1.8112282418184236,0.4921368889629282,0.07671604923974011,0.9940606826742565,2.3659451226319166,0.004398835645969344,1,0.7556713819135142,false,false,false,false,false,2.039656172510397,0.5044636508878083,0.07543573429418737,1.0203852083706717,2.6729557435745033,0.0016272395779190763,1,0.8386829547511571,false,false,false,false,false,false,false,false,false,false,false,-0.18815311867963436,-0.8645001194414713,delta_g_hat,true,false,""
20182019,2018021149,2019-03-22,ANA,SJS,0.569,0.4119,0.1571,0.5689935828985448,-0.05243515629278126,-0.22083780574701484,0.01715598357756809,0.0,1.0,1.0,-0.04452993567711105,0.0,0.0,0.0,0.033416295203136256,0.18005757003591483,-0.07638642071903334,0.019468101474650716,0.1321891968864809,0.0034224299692913766,-0.006669047916261236,-0.016346679894309168,0.009437356897479245,0.0,false,1.7523132673547988,0.47574386302066307,0.07742621706662439,1.0128143622907104,2.3350266463114084,0.0007613437107383131,0,0.7474617228165887,false,false,false,false,false,1.9752354655043889,0.5086164884823554,0.0729593959850095,1.0110256812716116,2.5850019369881814,0.012862341832737434,1,0.48669816136031296,false,false,false,false,false,false,false,false,false,false,false,0.277772344022583,-0.3561164000238754,away_back_to_back,true,true,sample
20182019,2018021150,2019-03-23,NJD,ARI,0.5154,0.3897,0.1256,0.5153565884151384,-0.09968957061405093,-0.14651078166190024,0.0045390731102328274,0.0,0.0,0.0,-1.7171352514856881,0.0,0.0,0.0,0.033416295203136256,0.17992562323616,-0.1396082563859711,0.019468101474650716,-0.042219960743574474,-0.0009851875477355615,0.018427902346089875,-0.016346679894309168,0.009437356897479245,0.0,false,1.850593291154242,0.423942074058584,0.08159587929499172,0.9988818576966471,2.353496754491082,0.01349408514867212,6,0.49570810135389654,false,false,false,true,false,1.9079580344137594,0.4968460225609763,0.07189865261312148,1.0189633084969691,2.523669187125051,0.0035809414251223165,1,0.8310741479884673,false,false,false,false,false,false,false,false,true,false,true,0.06161948983583913,-0.4485734272057858,delta_g_hat,true,true,flagged
20182019,2018021154,2019-03-23,TOR,NYR,0.6602,0.782,-0.1218,0.6601922268297294,0.37094703104799065,0.11935209047287065,0.500076099549966,0.0,0.0,-1.0,-0.4531570982984879,0.0,0.0,0.0,0.033416295203136256,0.17992562323616,0.49005799419605856,0.019468101474650716,-0.042219960743574474,-0.005392805064762499,-0.0005377176620603522,-0.016346679894309168,0.009437356897479245,0.0,false,2.2254843304851306,0.5808944198417817,0.07326917626353502,1.0349559705056133,2.9803088145788936,0.016884579933715775,1,0.8121698704169966,false,false,false,false,false,2.040669855298766,0.4428548845062654,0.0786762563791558,1.013653843661534,2.597184888015513,0.008109679429201377,1,0.35029307795313114,false,false,false,false,false,false,false,false,false,false,false,0.6641856101812611,1.2773596777562222,delta_g_hat,true,false,""
20182019,2018021156,2019-03-23,FLA,BOS,0.5198,0.4058,0.114,0.5197898844862537,-0.08642995800740143,-0.21432288219770346,-0.05554229966149338,0.0,0.0,0.0,-1.7171352514856881,0.0,0.0,0.0,0.033416295203136256,0.17992562323616,-0.12186817725758531,0.019468101474650716,-0.042219960743574474,-0.0009851875477355615,0.018427902346089875,-0.016346679894309168,0.009437356897479245,0.0,false,1.8902747925004029,0.5304027288952953,0.07439467503031476,1.0538248782573583,2.6293691536419623,0.0014629101413033002,0,0.4647632216947343,false,false,false,false,false,1.9924813530323282,0.4344561889895561,0.080273906932328,1.067816956306817,2.6772428982398915,0.004550021384999693,1,0.3326049422500578,false,false,false,false,false,false,false,false,false,false,false,0.07924143842023715,-0.381355535636793,delta_g_hat,true,true,""
20182019,2018021161,2019-03-23,VAN,CGY,0.4378,0.3546,0.0832,0.437842078341775,-0.3099666213313216,-0.3679242803574798,-0.2767542796490683,0.0,0.0,1.0,-0.673727494123992,0.0,1.0,0.0,0.033416295203136256,0.17992562323616,-0.4209386111459034,0.019468101474650716,-0.042219960743574474,0.0034224299692913766,0.0027718761799894157,-0.016346679894309168,-0.009563437370627162,0.0,false,1.8120840937995724,0.44955426827737704,0.07853928398238441,1.031254463099909,2.413318641945327,0.012995643694253045,0,0.7810773695324623,false,false,false,false,false,2.073721002453134,0.4980141427898815,0.07683870474258554,1.0165211251766249,2.6923312701007487,0.014292050492700159,1,0.41163839892555154,false,false,false,false,false,false,false,false,false,false,false,-0.25009547338366894,-0.5988798859777539,delta_g_hat,true,false,""
20182019,2018021162,2019-03-23,VGK,DET,0.6639,0.7915,-0.1276,0.663948085720378,0.38688455514319986,0.29118459720849765,0.5346041712994403,0.0,0.0,0.0,-2.218099129637363,0.0,2.0,0.0,0.033416295203136256,0.17992562323616,0.5113808598744857,0.019468101474650716,-0.042219960743574474,-0.0009851875477355615,0.025944717828126757,-0.016346679894309168,-0.02856423163873357,0.0,false,2.1078875240518937,0.4814104915796547,0.07505480345354348,1.0291468964403263,2.7420104347834564,0.01585242582461026,2,0.687946349813524,false,false,false,false,false,1.7388549331115486,0.4446289556532568,0.07556892495322101,1.021986268869189,2.3087209562701294,0.009577880639915992,1,0.5707357138162558,false,false,false,false,false,false,false,false,false,false,false,0.6807228009940539,1.3339908380822105,delta_g_hat,true,false,""
20182019,2018021170,2019-03-25,NJD,BUF,0.5639,0.4794,0.0845,0.5638940599301749,0.059235250996557395,-0.002022780258878587,0.142763899081233,0.0,0.0,0.0,-0.5318083523269733,0.0,0.0,0.0,0.033416295203136256,0.18087087842682895,0.07301778288631741,0.019468101474650716,-0.042219960743574474,-0.0009851875477355615,0.0006424212456473566,-0.016346679894309168,0.009437356897479245,0.0,false,2.0443328943525376,0.45337347208760936,0.0828975217351479,1.0041231200764467,2.591244027875987,0.03650161243081271,2,0.5133828846006886,false,false,false,false,false,1.984164694576422,0.5289516610508004,0.0748454666984108,1.0131509759783106,2.6219960460838228,0.0017428401941786131,2,0.37453776594075805,false,false,false,false,false,false,false,false,false,false,false,0.2570053559644154,-0.08244667056018094,delta_g_hat,false,true,""
20182019,2018021171,2019-03-25,NYR,PIT,0.44,0.3474,0.0926,0.4399927360183559,-0.31193858204219677,-0.3580045725899308,-0.27277153584074165,0.0,0.0,0.0,-1.660413022271458,0.0,1.0,0.0,0.033416295203136256,0.18087087842682895,-0.4235769038386666,0.019468101474650716,-0.042219960743574474,-0.0009851875477355615,0.017576801998683028,-0.016346679894309168,-0.009563437370627162,0.0,false,1.96582949049,0.46537904442456834,0.07825055332902431,1.0107277732708797,2.5363799963748184,0.041775396460789926,1,0.4347937656391576,false,false,false,false,false,2.210448250185298,0.5279680813370294,0.07729247044336783,1.0329513055488555,2.9084900830358684,0.0015451489394653628,1,0.773591467027834,false,false,false,false,false,false,false,false,false,false,false,-0.2411620568168881,-0.6304875303522159,delta_g_hat,true,false,""
20182019,2018021176,2019-03-25,CGY,LAK,0.6237,0.7583,-0.1346,0.6237361281456707,0.20597202362296915,0.17182411797508212,0.26161539686409974,0.0,0.0,0.0,-1.2464526827344093,1.0,1.0,0.0,0.033416295203136256,0.18087087842682895,0.26933739150980557,0.019468101474650716,-0.042219960743574474,-0.0009851875477355615,0.01136544899522511,0.04403883121775984,-0.009563437370627162,0.0,false,1.9812178120161785,0.5146370519884265,0.07291243476494759,1.0206452548576315,2.6218001543226,0.006947819950106876,0,0.4162417495364973,false,false,false,false,false,1.8580254404674863,0.45276471091538056,0.07945735521002764,0.9928740693334239,2.3732147685849574,0.0006020178928366482,1,0.2390628829226031,false,false,false,false,false,false,false,false,false,false,false,0.5052827859326855,1.1433817979974523,delta_g_hat,true,false,""
20182019,2018021183,2019-03-26,VAN,ANA,0.4456,0.5412,-0.0956,0.44561982682142914,-0.3059796724464494,-0.38173595614390976,-0.1535956251190309,0.0,0.0,-1.0,-1.740177693622648,0.0,0.0,0.0,0.033416295203136256,0.1795530886567733,-0.41560445917656214,0.019468101474650716,-0.042219960743574474,-0.005392805064762499,0.018773647405470377,-0.016346679894309168,0.009437356897479245,0.0,false,1.8120376074297224,0.4673154880519826,0.07322974151883045,1.0415845309042098,2.450413890690498,0.032967654906926075,3,0.7953857941813223,false,false,false,false,false,1.9428197131385216,0.4592973686785561,0.0774171829288656,1.0208472439852092,2.531225720532788,0.03089230950900458,0,0.762819832603598,false,false,false,false,false,false,false,false,false,false,false,-0.21846475926261918,0.1651745110414174,delta_g_hat,false,true,""
20182019,2018021185,2019-03-27,PHI,TOR,0.5035,0.4013,0.1022,0.503501852492567,-0.1249095133042874,-0.22410719409183733,0.10360588107190472,0.0,0.0,1.0,-0.3487745251276164,0.0,0.0,0.0,0.033416295203136256,0.18272633048942566,-0.17335010030030867,0.019468101474650716,-0.042219960743574474,0.0034224299692913766,-0.0021039474368707766,-0.016346679894309168,0.009437356897479245,0.0,false,2.086449388776393,0.5281551053696278,0.07623602110376598,1.0284282518261751,2.7673364070413826,0.002250795962996169,1,0.06627888546028904,false,false,false,false,true,2.1502037239055896,0.5543714188754129,0.07627918682757734,1.033056048804615,2.8727783860466456,0.009710562981636566,2,0.8069738408393465,false,false,false,false,false,false,false,false,false,true,true,0.01400022867338944,-0.40005136065843544,delta_g_hat,true,true,flagged
20182019,2018021186,2019-03-27,BOS,NYR,0.6673,0.7664,-0.099,0.6673395053313482,0.410699367412491,0.3388466463319273,0.5208889205112812,0.0,0.0,0.0,1.602130295028264,0.0,0.0,0.0,0.033416295203136256,0.18272633048942566,0.5432427751971861,0.019468101474650716,-0.042219960743574474,-0.0009851875477355615,-0.031376699816211315,-0.016346679894309168,0.009437356897479245,0.0,false,2.0528624815345298,0.4747005441591985,0.08087711439013946,1.0788142645307262,2.814022431297002,0.008623588718326788,2,0.3463985690117437,false,false,false,false,false,1.7872894385734999,0.4718766442003843,0.0784423491190432,1.0124079261716823,2.366613304734157,0.0017996156350800208,1,0.5595905858988379,false,false,false,false,false,false,false,false,false,false,false,0.6959985368851299,1.1880939757025786,delta_g_hat,true,false,""
20182019,2018021188,2019-03-27,COL,VGK,0.544,0.4548,0.0892,0.5440428806251474,-0.02813202805332172,-0.26024353289398805,0.10724210109622812,0.0,0.0,1.0,0.1946294257157972,1.0,1.0,0.0,0.033416295203136256,0.18272633048942566,-0.04387118586073067,0.019468101474650716,-0.042219960743574474,0.0034224299692913766,-0.010257563713098746,0.04403883121775984,-0.009563437370627162,0.0,false,1.8634749031911828,0.45246060950553696,0.07502423431330581,1.031697519014533,2.4667472390538587,0.0021857308740796527,1,0.557639089574556,false,false,false,false,false,2.061530976944007,0.4803981528176455,0.0789950977533024,1.0149791234546064,2.66018337508407,0.009314823970880876,2,0.7001470688875893,false,false,false,false,false,false,false,false,false,false,false,0.17645643734155667,-0.18129493794599663,home_tz,true,true,""
20182019,2018021197,2019-03-29,NYR,STL,0.4147,0.309,0.1056,0.41467276284458937,-0.377024077504,-0.5123950205141568,-0.2624763361553426,0.0,0.0,-2.0,-1.1019005422321828,0.0,1.0,0.0,0.033416295203136256,0.18049136532388613,-0.5106550013559016,0.019468101474650716,-0.042219960743574474,-0.009800422581789436,0.009196486690602159,-0.016346679894309168,-0.009563437370627162,0.0,false,1.7910166614167662,0.4321777582496191,0.07685652758928334,1.013240956542227,2.3305058218931887,0.0027321459531051695,3,0.3577101993997585,false,false,false,false,false,2.136773570415165,0.5024152612286663,0.07393638200367067,1.0327869593010741,2.8020803396060807,0.0032413841507439867,0,0.5055114976177734,false,false,false,false,false,false,false,false,false,false,false,-0.3445691690448394,-0.8047985468699246,delta_g_hat,true,false,""
20182019,2018021201,2019-03-29,CGY,ANA,0.5459,0.7257,-0.1798,0.5459181308833733,0.021377096868685216,-0.0613162976042525,0.2029158457417708,0.0,0.0,-1.0,-0.673727494123992,0.0,1.0,0.0,0.033416295203136256,0.18049136532388613,0.02236723450255264,0.019468101474650716,-0.042219960743574474,-0.005392805064762499,0.0027718761799894157,-0.016346679894309168,-0.009563437370627162,0.0,false,1.9784432437971657,0.5145900032474608,0.07147827827361636,1.0166262581418997,2.607149755946061,0.0002973672736968497,1,0.49598504255877535,false,false,false,false,false,1.8061933428269883,0.45117906512020056,0.07824442828908575,1.0264554168233495,2.3974065531785382,0.0057457850835992,1,0.2452736803691926,false,false,false,false,false,false,false,false,false,false,false,0.18411837068380674,0.9729143083405338,away_back_to_back,true,false,""
20182019,2018021203,2019-03-30,CAR,PHI,0.5794,0.6653,-0.0859,0.5794491702655451,0.10962171334736949,0.010836764406006782,0.20360133393224844,0.0,0.0,-1.0,-0.5519415674616824,0.0,0.0,0.0,0.033416295203136256,0.1815439100886906,0.14042999586866206,0.019468101474650716,-0.042219960743574474,-0.005392805064762499,0.0009445142104857134,-0.016346679894309168,0.009437356897479245,0.0,false,2.214208301933658,0.5034386945372157,0.07915593842431076,0.9677019676704279,2.706471703284498,0.0037719200472035586,0,0.5945113304085655,false,false,false,false,false,1.8683042384437,0.5431179935592133,0.07596038711420251,1.0270622017524937,2.55469666939131,0.0014875399096372435,1,0.15301682734684616,false,false,false,false,false,false,false,false,false,false,false,0.3203108220666506,0.6870034585305609,delta_g_hat,true,false,sample
20182019,2018021207,2019-03-30,NJD,STL,0.4511,0.3034,0.1477,0.4510780917136386,-0.25842624721135016,-0.4369836198592978,-0.21104785332090303,1.0,1.0,0.0,0.7452537571847697,0.0,0.0,0.0,0.033416295203136256,0.1815439100886906,-0.3519825758288251,-0.16561532118972722,0.1321891968864809,-0.0009851875477355615,-0.018519519674560406,-0.016346679894309168,0.009437356897479245,0.0,false,1.8038772929582052,0.43367594546129395,0.07773097455820077,1.0030866293579752,2.3224306372015335,0.009866497928000428,0,0.8326145527482763,false,false,false,false,false,2.0585039724964456,0.4917783518256214,0.07306127728677683,1.0309339923871808,2.704494092609971,0.005902715204077036,0,0.7745859151509312,false,false,false,false,false,false,false,false,false,false,false,-0.19622723114149318,-0.8311592910174689,delta_g_hat,true,false,sample
20182019,2018021218,2019-03-31,BUF,CBJ,0.41,0.309,0.101,0.41004666679341434,-0.38418120617822366,-0.5361359696887842,-0.12547466261497142,1.0,1.0,0.0,-0.5084687636844367,0.0,1.0,0.0,0.033416295203136256,0.1807641179306854,-0.5202305472469704,-0.16561532118972722,0.1321891968864809,-0.0009851875477355615,0.0002922175904459444,-0.016346679894309168,-0.009563437370627162,0.0,false,1.9854692717313447,0.4968236474438585,0.07317610316204182,1.0104513350891786,2.582177085399707,0.008201540721391912,2,0.7721445299468733,false,false,false,false,false,2.114459114155041,0.46058870753788556,0.07647174088093106,1.0569145344525883,2.8024295640696795,0.005116791468923873,0,0.42256219792771865,false,false,false,false,false,false,false,false,false,false,false,-0.3639653772014119,-0.8047985468699246,delta_g_hat,true,false,""
20182019,2018021222,2019-04-01,NJD,NYR,0.589,0.5051,0.084,0.589021554885886,0.007321279168789329,-0.025376713794182937,0.06671095076460576,0.0,1.0,1.0,-0.1255738433152654,0.0,0.0,0.0,0.033416295203136256,0.1803767353629812,0.003561909972537892,0.019468101474650716,0.1321891968864809,0.0034224299692913766,-0.005453007945661194,-0.016346679894309168,0.009437356897479245,0.0,false,2.007610703882274,0.47694706610342547,0.07694784463311326,1.0017714167392184,2.5660431085421505,0.005663254890410835,1,0.5098705035898383,false,false,false,false,false,1.9420806126060666,0.4528447245190451,0.07774280619234104,1.0114177781420082,2.5009005195966627,0.02274217577597873,2,0.8466555831888041,false,false,false,false,false,false,false,false,false,false,false,0.35983296915535207,0.020400707516166464,away_back_to_back,false,false,""
20182019,2018021227,2019-04-01,VGK,EDM,0.5614,0.6905,-0.1291,0.5613884138690725,0.057218004627745865,-0.008230198543391243,0.24355787046656596,0.0,0.0,0.0,-1.3296051439020562,0.0,1.0,0.0,0.033416295203136256,0.1803767353629812,0.0703189023635019,0.019468101474650716,-0.042219960743574474,-0.0009851875477355615,0.01261312719066817,-0.016346679894309168,-0.009563437370627162,0.0,false,2.049765130924285,0.4662600916377483,0.07105270281847534,1.0186037339013396,2.6352072346863173,0.03883472956528905,3,0.7478721204100016,false,false,false,false,false,1.8714199325790664,0.47988390112708634,0.07231115775914783,1.0368551223910767,2.5129376186046026,0.00954091281116886,3,0.8302425998701959,false,false,false,false,false,false,false,false,false,false,false,0.24684582794399434,0.8024578807246961,delta_g_hat,true,false,""
20182019,2018021236,2019-04-02,COL,EDM,0.547,0.6775,-0.1305,0.5470044868120039,-0.004700739240507759,-0.05199297218628818,0.10304397793499698,1.0,1.0,0.0,0.30147630319061214,1.0,1.0,0.0,0.033416295203136256,0.17986280760934006,-0.012522387826395429,-0.16561532118972722,0.1321891968864809,-0.0009851875477355615,-0.011860769648371431,0.04403883121775984,-0.009563437370627162,0.0,false,2.01835289403538,0.4747343049354431,0.07462999514014192,1.0273964482954823,2.6380635254568467,0.004318771452804224,0,0.716596472553608,false,false,false,false,false,2.0271574750216645,0.5200285685681592,0.07831229394136854,1.0390838356817929,2.7281128831380816,0.0022885511042944895,1,0.49669245229044845,false,false,false,false,false,false,false,false,false,false,false,0.18855667693894732,0.7423064165180286,home_back_to_back,true,false,""
20182019,2018021238,2019-04-02,ARI,LAK,0.5693,0.6715,-0.1022,0.5693200697780396,-0.05745902842660242,-0.17968998333405883,-0.010159303276465526,0.0,1.0,1.0,-0.5578727539001308,0.0,0.0,0.0,0.033416295203136256,0.17986280760934006,-0.08310787569881047,0.019468101474650716,0.1321891968864809,0.0034224299692913766,0.0010335099165471341,-0.016346679894309168,0.009437356897479245,0.0,false,1.9028618736119451,0.482608513674803,0.07222789820824135,1.0072547073820461,2.475528167389612,0.002216482257547711,0,0.8347546925770175,false,false,false,false,false,1.9467770820408965,0.46765610788596873,0.07718099692428483,0.992641757170375,2.4732802846265605,0.0018513547011004897,2,0.6986396786519965,false,false,false,false,false,false,false,false,false,false,false,0.2789957438969714,0.7149771780386269,away_back_to_back,true,false,""
20182019,2018021241,2019-04-03,ANA,CGY,0.5577,0.4039,0.1538,0.5576631563021776,0.019504216660081116,-0.15516211143728587,0.11118316328450684,0.0,0.0,2.0,2.177389769003487,1.0,0.0,0.0,0.033416295203136256,0.18064790284051963,0.019861501938242085,0.019468101474650716,-0.042219960743574474,0.007830047486318313,-0.040008298837121474,0.04403883121775984,0.009437356897479245,0.0,false,1.7981430020411289,0.4675968803691882,0.07708843893818018,1.0243798636322483,2.399946156336743,0.005221693358677407,4,0.2686821843825311,false,false,false,true,false,1.9269339068533136,0.5003593845526964,0.07321868107005411,1.0211100512375884,2.553297908335237,0.07989716158534173,3,0.41887413524830686,false,false,false,false,false,false,false,false,true,false,true,0.23183279852122693,-0.3892411156565138,home_tz,true,true,flagged
20182019,2018021244,2019-04-04,FLA,NYI,0.5856,0.4743,0.1113,0.5855823075412725,0.11175900200611513,0.04801043218637524,0.15375521259656866,0.0,0.0,0.0,-1.7344388891664806,0.0,0.0,0.0,0.033416295203136256,0.18116676728015546,0.14328948136428923,0.019468101474650716,-0.042219960743574474,-0.0009851875477355615,0.018687538334405895,-0.016346679894309168,0.009437356897479245,0.0,false,1.920257977777832,0.5098271019590898,0.07290750327220799,1.0565766160026675,2.644603433235562,0.0024977478767713238,0,0.41497796643619306,false,false,false,false,false,1.9266989949523314,0.475063848050259,0.07469352336135938,1.0124660236193426,2.5073279299193145,0.0024134106523400964,1,0.42314264108473243,false,false,false,false,false,false,false,false,false,false,false,0.34580527170182856,-0.10289067494186639,delta_g_hat,false,true,""
20182019,2018021245,2019-04-04,PIT,DET,0.6402,0.7361,-0.0959,0.6401856359752537,0.3033167022177765,0.2919283283363874,0.31737731134085756,0.0,0.0,0.0,0.0,0.0,0.0,0.0,0.033416295203136256,0.18116676728015546,0.39957515578152714,0.019468101474650716,-0.042219960743574474,-0.0009851875477355615,-0.007337206489184276,-0.016346679894309168,0.009437356897479245,0.0,false,2.1051599118357567,0.5225453537374124,0.07711260822091165,1.0269060371469263,2.7775938039820542,0.03378258164223131,2,0.7341299460899388,false,false,false,false,false,1.86504854391243,0.4639571415151271,0.07907214009716979,1.039166912529309,2.5023947990808226,0.015488495601354013,0,0.8375063826239957,false,false,false,false,false,false,false,false,false,false,false,0.5762323060193298,1.0257957355553817,delta_g_hat,true,false,""
20182019,2018021247,2019-04-04,CAR,NJD,0.6483,0.7726,-0.1243,0.648281272461314,0.3359538275213039,0.25899046780339363,0.41794431576610913,0.0,0.0,-1.0,0.19675556335754527,0.0,0.0,0.0,0.033416295203136256,0.18116676728015546,0.4432404726036239,0.019468101474650716,-0.042219960743574474,-0.005392805064762499,-0.010289465782368489,-0.016346679894309168,0.009437356897479245,0.0,false,2.208537992793117,0.5078206051666998,0.07553999188193368,0.9639065327190928,2.6911292894376855,0.0020981826378644874,1,0.5169477888689145,false,false,false,false,false,1.8110999963259482,0.44656519906313846,0.07692496340686152,0.9884756167396448,2.30768544705013,0.0026685476984906614,0,0.5130323736878398,false,false,false,false,false,false,false,false,false,false,false,0.6115750127010132,1.2230508689157449,delta_g_hat,true,false,""
20182019,2018021250,2019-04-04,MIN,BOS,0.434,0.5297,-0.0957,0.4339758500846528,-0.32301340658891436,-0.40303310737803155,-0.2832432839405765,0.0,0.0,0.0,-0.9947985622179848,0.0,1.0,0.0,0.033416295203136256,0.18116676728015546,-0.43839394786702934,0.019468101474650716,-0.042219960743574474,-0.0009851875477355615,0.007589453016841391,-0.016346679894309168,-0.009563437370627162,0.0,false,1.894688872131064,0.48111929216270377,0.07688787403365199,0.9878717397248041,2.422949102398643,0.015431753863292291,2,0.1572468580864873,false,false,false,false,false,1.8568612023937137,0.46455582769616327,0.07916019240062375,1.0915231617095182,2.6202856398206853,0.012200728524463592,5,0.41211698429165716,false,false,false,true,false,false,false,false,true,false,true,-0.2655495441027782,0.11894001959947859,delta_g_hat,false,true,flagged
20182019,2018021254,2019-04-05,NYR,CBJ,0.4202,0.2799,0.1403,0.42020526507282313,-0.3745935027515605,-0.44778625551708773,-0.11113533021331579,0.0,0.0,-1.0,-0.7682041083583853,0.0,0.0,0.0,0.033416295203136256,0.18181531096147097,-0.507403127435082,0.019468101474650716,-0.042219960743574474,-0.005392805064762499,0.00418946995778371,-0.016346679894309168,0.009437356897479245,0.0,false,1.9529122740668516,0.44080476435492666,0.07808018617837502,1.0176084672880719,2.515321785172272,0.013037970643990954,2,0.43932557009937034,false,false,false,false,false,2.133499556090768,0.5005647187474492,0.0731198392951741,1.0561889904551334,2.859298056482721,0.0004429207657289276,1,0.7777008394294919,false,false,false,false,false,false,false,false,false,false,false,-0.3219524280766551,-0.9449576947334133,delta_g_hat,true,false,""
20182019,2018021263,2019-04-06,PHI,CAR,0.511,0.4058,0.1052,0.5109856686297518,-0.1320556775429731,-0.217026950008389,-0.045341432221449374,0.0,0.0,0.0,0.7482352740065895,1.0,0.0,0.0,0.033416295203136256,0.18233027141983582,-0.1829109768371654,0.019468101474650716,-0.042219960743574474,-0.0009851875477355615,-0.018564256456559333,0.04403883121775984,0.009437356897479245,0.0,false,1.8672106948115983,0.5413600858150589,0.07567953208571465,1.0243645929559333,2.5447780603822587,0.009225358336050204,1,0.6191202906774126,false,false,false,false,false,2.2169033070915756,0.5016256451879151,0.07861125877360141,0.9642545014127528,2.6971550395905615,0.01582473411351243,1,0.41146941100943096,false,false,false,false,false,false,false,false,false,false,false,0.044007100728832446,-0.381355535636793,delta_g_hat,true,true,""
20182019,2018021265,2019-04-06,WSH,NYI,0.6178,0.5177,0.1002,0.6178492594893316,0.2151990243707506,0.07739134628229483,0.26496638405141004,0.0,0.0,0.0,-1.4497720511965435,0.0,0.0,0.0,0.033416295203136256,0.18233027141983582,0.2816822260264061,0.019468101474650716,-0.042219960743574474,-0.0009851875477355615,0.014416196251280586,-0.016346679894309168,0.009437356897479245,0.0,false,1.920704328303478,0.5045474069695931,0.07911510097051437,1.092746514315931,2.736638130873594,0.0036199029301859226,3,0.21215536626170398,false,false,false,false,false,1.9765020534595967,0.5066286295175438,0.07590427474504145,1.0090894513465245,2.582295181464453,0.02445411620323662,2,0.5706627503803168,false,false,false,false,false,false,false,false,false,false,false,0.4802207486783088,0.07082959683292972,delta_g_hat,false,false,""
20182019,2018021269,2019-04-06,ARI,WPG,0.4675,0.3811,0.0864,0.46750948174935336,-0.2177195750962536,-0.41389944302110093,-0.14327851605400932,0.0,0.0,0.0,-0.5556096280649786,0.0,1.0,0.0,0.033416295203136256,0.18233027141983582,-0.2975209859017614,0.019468101474650716,-0.042219960743574474,-0.0009851875477355615,0.0009995523797717597,-0.016346679894309168,-0.009563437370627162,0.0,false,1.984886160978644,0.5176553567529556,0.07529092937994898,1.003961079637595,2.588043446726934,0.010581120578595157,2,0.1639164573638982,false,false,false,false,false,2.0080178823667376,0.494569924620902,0.08014128739251973,1.0872770025540972,2.8081419481469174,0.008739402909724206,0,0.8212594802760533,false,false,false,false,false,false,false,false,false,false,false,-0.13018354885483835,-0.48488190086550137,delta_g_hat,true,false,""
20212022,2021020001,2021-10-12,TBL,PIT,0.5442,0.7026,-0.1585,0.5441603952690341,0.037694078529293636,-0.1302535407853238,0.14841890309267658,0.0,0.0,0.0,-1.4077332554757946,0.0,0.0,0.0,0.011888951187505787,0.13737273346496234,0.04676272886240043,0.02538197392269552,-0.04553095568521097,0.0026658857210262567,0.0016912833548600814,-0.008938178716622364,0.0039014566419324995,0.002503617037970341,false,2.046577253453145,0.5050160041122653,0.07635400134044655,1.0401418861824163,2.733438018666249,,7,0.4991384638564675,false,false,false,true,false,1.9998806758275776,0.5519620538199682,0.07502756722710012,1.0509346624490083,2.760669048743282,,9,0.10326368597543199,false,false,false,true,false,false,false,false,true,false,true,0.17726270953756212,0.8597097058056721,delta_g_hat,true,false,flagged
20212022,2021020002,2021-10-12,VGK,SEA,0.5681,0.6861,-0.118,0.5680955193207096,0.10564164250084992,0.08568452796315107,0.13150580202386752,0.0,0.0,0.0,-1.4104944445485004,0.0,0.0,0.0,0.011888951187505787,0.13737273346496234,0.1432149528377293,0.02538197392269552,-0.04553095568521097,0.0026658857210262567,0.0016961988493513777,-0.008938178716622364,0.0039014566419324995,0.002503617037970341,false,2.1009312549446424,0.5342426537091429,0.07268937314317914,1.0098942595618625,2.7346555839651003,,6,0.5644574502390692,false,false,false,true,false,1.9835220188886933,0.6045765945603152,0.07499977539574221,1.013046331435221,2.6978420530702225,,18,0.0,true,true,false,true,true,true,true,false,true,true,true,0.2741033795964259,0.7819489258489374,delta_g_hat,true,false,flagged
20212022,2021020005,2021-10-13,COL,CHI,0.7264,0.6352,0.0913,0.7264357240503687,0.6099891567718926,0.3069514970040528,0.7248577018793965,0.0,0.0,0.0,-1.4752068328424155,0.0,1.0,0.0,0.011888951187505787,0.13720069302174956,0.8591411253821132,0.02538197392269552,-0.04553095568521097,0.0026658857210262567,0.0018114004454034987,-0.008938178716622364,-0.00404201817357409,0.002503617037970341,false,2.440223246030623,0.5940134525156752,0.07415276811831846,1.0400707306400179,3.2329449037076032,,9,0.0,false,false,false,true,true,2.058524586369945,0.5040397318507116,0.07798244167684752,1.048511364548462,2.7686432863741524,,11,0.0,false,false,false,true,true,false,false,false,true,true,true,0.9764336415386883,0.5545906517327496,delta_g_hat,false,false,flagged
20212022,2021020007,2021-10-14,BUF,MTL,0.5475,0.4087,0.1389,0.5475357943189999,-0.06528700216742445,-0.1794468818485826,-0.005827896855851389,0.0,1.0,3.0,-0.09463941912415547,0.0,0.0,0.0,0.011888951187505787,0.14302575194576783,-0.09941991080867366,0.02538197392269552,0.14948643708564552,-0.03635704714641865,-0.0006462985162781085,-0.008938178716622364,0.0039014566419324995,0.002503617037970341,false,1.9702378101741678,0.619768939482127,0.07189578324006948,1.0138304411302053,2.6987178191719314,,7,0.0,false,false,false,true,true,2.1968490793000415,0.548230750138396,0.07517525651608116,0.9946165785553683,2.8050724642454594,0.008320401741520433,0,0.28690067035020056,false,false,false,false,false,false,false,false,true,true,true,0.190574698550675,-0.3693421122565524,away_back_to_back,true,true,flagged
20212022,2021020010,2021-10-14,FLA,PIT,0.5315,0.6225,-0.091,0.5315176417736106,0.017430408009815625,-0.10881614058696787,0.23506224560440359,0.0,0.0,2.0,-0.28932076687155583,0.0,0.0,0.0,0.011888951187505787,0.14302575194576783,0.017998252650639108,0.02538197392269552,-0.04553095568521097,-0.02334940285727035,-0.00029972496871847774,-0.008938178716622364,0.0039014566419324995,0.002503617037970341,false,2.0206987606316025,0.6326125305875451,0.07567795129943128,1.0179915770206343,2.778088062663834,,7,0.050789223299014835,false,false,false,true,true,2.050222795403783,0.6122176163205088,0.07587423290271965,1.0361178598572658,2.837216709206748,0.017781861002622787,1,0.09570128927257258,false,false,false,false,true,false,false,false,true,true,true,0.1261670961035256,0.5001730596497835,away_back_to_back,true,false,flagged
20212022,2021020011,2021-10-14,NYR,DAL,0.4739,0.5554,-0.0815,0.47385983242443686,-0.02245385305678846,-0.2835420981141974,0.020437326888579577,1.0,0.0,-3.0,-1.8776941992984029,0.0,1.0,0.0,0.011888951187505787,0.14302575194576783,-0.03861784153482658,-0.20940128486223802,-0.04553095568521097,0.04168881858847116,0.002527912201946171,-0.008938178716622364,-0.00404201817357409,0.002503617037970341,false,1.9434487657167154,0.5983478372553036,0.07542115764334428,1.0422910943192045,2.7279027637834448,0.08172133697536298,2,0.56481452727893,false,false,true,false,false,2.0382004578535926,0.6408055272213874,0.07212300356831806,1.011893675496653,2.7838500240836566,,7,0.0,false,false,false,true,true,false,false,true,true,true,true,-0.104494979763219,0.22251357334260308,home_back_to_back,true,true,flagged
20212022,2021020014,2021-10-14,NSH,SEA,0.4601,0.5427,-0.0826,0.46008294515321224,-0.1762896569546881,-0.24050982360021678,-0.010958192279806322,0.0,0.0,2.0,-2.5413414192850805,0.0,2.0,0.0,0.011888951187505787,0.14302575194576783,-0.25698925245393295,0.02538197392269552,-0.04553095568521097,-0.02334940285727035,0.0037093431608960672,-0.008938178716622364,-0.011985492989080679,0.002503617037970341,false,1.9635334967291254,0.6222824869302962,0.07699202979539152,1.0275854864634364,2.736262867864701,,7,0.1397562565154737,false,false,false,true,false,2.0507157966781078,0.6022799703721752,0.07252335759478273,1.0170094090761206,2.7718785943809436,0.03114028454447282,2,0.9501140512820888,false,false,false,false,false,false,false,false,true,false,true,-0.1599400800628184,0.1712170504053494,delta_g_hat,true,true,flagged
20212022,2021020017,2021-10-15,NJD,CHI,0.4641,0.5533,-0.0892,0.4641313624503421,-0.16694559041080437,-0.22825433479885948,0.11151697958904938,0.0,0.0,2.0,-2.606166589369721,0.0,2.0,0.0,0.011888951187505787,0.1459586798543807,-0.2437252596563644,0.02538197392269552,-0.04553095568521097,-0.02334940285727035,0.0038247455321419295,-0.008938178716622364,-0.011985492989080679,0.002503617037970341,false,2.4066353703241603,0.6669784477986613,0.07270371353570731,0.9970209679710923,3.1369445509586042,,11,0.0,false,false,false,true,true,2.2999490709420787,0.6069871004373857,0.0753310349753657,1.0613550639727976,3.1652444015847068,0.025483699456426617,2,0.24385091172819998,false,false,false,false,false,false,false,false,true,true,true,-0.1438475302536745,0.21401312154599117,delta_g_hat,true,true,flagged
20212022,2021020026,2021-10-16,PIT,CHI,0.6438,0.5512,0.0926,0.6437898023768521,0.2004918446409917,0.0057037790906004915,0.4649038191807633,0.0,1.0,1.0,1.0959932207905563,0.0,0.0,0.0,0.011888951187505787,0.14444541935252656,0.27785573178833095,0.02538197392269552,0.14948643708564552,-0.010341758568122045,-0.002765873825521056,-0.008938178716622364,0.0039014566419324995,0.002503617037970341,false,2.4121387893225568,0.641008045334963,0.07396922443678415,1.0414354492131892,3.2566895177446544,0.008551875540725047,2,0.6902218969570331,false,false,false,false,false,2.105512031235633,0.6074073572665095,0.07364786498995833,1.0652117503975298,2.9682841816927574,0.010541672110412292,0,0.7540663000638863,false,false,false,false,false,false,false,false,false,false,false,0.5918957480091467,0.20552036549096234,delta_g_hat,false,false,""
20212022,2021020036,2021-10-18,PHI,SEA,0.4565,0.5574,-0.101,0.45646522170427406,-0.20880576284001515,-0.23180658085547456,-0.15064704879782687,0.0,0.0,1.0,-0.6677777891820257,0.0,0.0,0.0,0.011888951187505787,0.1492675815790614,-0.3031461791241804,0.02538197392269552,-0.04553095568521097,-0.010341758568122045,0.00037400774547650755,-0.008938178716622364,0.0039014566419324995,0.002503617037970341,false,1.9157401404636543,0.5893545800048092,0.0759302133843679,1.04760382712064,2.7038915985980227,0.04347303569262313,0,0.7877497227723353,false,false,false,false,false,1.9968729752740744,0.5870864090694562,0.07187942376047292,1.0149116484979632,2.6954417428777,0.00727666483645098,1,0.9383838933381592,false,false,false,false,false,false,false,false,false,false,false,-0.1744410065262409,0.23061668743089853,delta_g_hat,true,true,""
20212022,2021020040,2021-10-19,MTL,SJS,0.4936,0.5932,-0.0996,0.4935995876028402,-0.09848107200475366,-0.1580241992410878,0.030400651024671266,0.0,0.0,0.0,-4.067213422602596,0.0,3.0,0.0,0.011888951187505787,0.14644637912424757,-0.14653921386335025,0.02538197392269552,-0.04553095568521097,0.0026658857210262567,0.006425714705630935,-0.008938178716622364,-0.01992896780458727,0.002503617037970341,false,2.099219995961713,0.5428870084621068,0.07451059527674829,0.9884175851997654,2.6851526078072183,0.006382095517185256,2,0.7007005792655886,false,false,false,false,false,2.0761547362185655,0.5735769294340411,0.0735613318442416,0.9950714691370416,2.7098711639098068,0.0647538907056093,0,0.779197903730315,false,false,false,false,false,false,false,false,false,false,false,-0.025601398238788337,0.3772099460893719,delta_g_hat,true,true,""
20212022,2021020041,2021-10-19,DET,CBJ,0.4375,0.5293,-0.0918,0.4375441802159737,-0.26979449007043654,-0.5543565183368626,-0.0781820366167425,0.0,0.0,0.0,-0.2637672089394157,0.0,0.0,0.0,0.011888951187505787,0.14644637912424757,-0.3897202670673675,0.02538197392269552,-0.04553095568521097,0.0026658857210262567,-0.00034521565042879384,-0.008938178716622364,0.0039014566419324995,0.002503617037970341,false,2.0482430163255083,0.5029901648380883,0.07215272411757997,0.9928032582165515,2.60450607432253,0.012990790171727051,1,0.5920439379489534,false,false,false,false,false,2.16397640853016,0.5663545762749884,0.06982783552599378,1.0400772104976788,2.9123813748004848,0.0047569647532433035,1,0.09875671152106615,false,false,false,false,true,false,false,false,false,true,true,-0.25131442828090605,0.1173344304568452,delta_g_hat,false,true,flagged
20212022,2021020043,2021-10-19,NJD,SEA,0.4794,0.5774,-0.0981,0.47935275804916455,-0.2604160308491809,-0.35624958691835307,-0.237934856230142,0.0,1.0,3.0,-0.1255738433152654,0.0,0.0,0.0,0.011888951187505787,0.14644637912424757,-0.3764074535317608,0.02538197392269552,0.14948643708564552,-0.03635704714641865,-0.0005912287663627851,-0.008938178716622364,0.0039014566419324995,0.002503617037970341,false,1.988980445240904,0.5689814687689587,0.07768316858096999,1.0026662452805408,2.642672358853471,0.059696634430813036,2,0.7379905566873943,false,false,false,false,false,2.0996000225884073,0.5885329839086866,0.0752728842727011,1.011185081678124,2.794314811367865,0.02155816196636464,2,0.0,false,false,false,false,true,false,false,false,false,true,true,-0.08244667056018094,0.31210916204687844,delta_g_hat,true,true,flagged
20212022,2021020045,2021-10-19,WSH,COL,0.5449,0.4497,0.0952,0.5448688537488665,0.04310586013086731,-0.20081053031308604,0.2505345126567704,0.0,0.0,0.0,-2.3994292848447945,0.0,2.0,0.0,0.011888951187505787,0.14644637912424757,0.05444480516699105,0.02538197392269552,-0.04553095568521097,0.0026658857210262567,0.0034567098580973615,-0.008938178716622364,-0.011985492989080679,0.002503617037970341,false,2.1058466326883263,0.6053088767365871,0.08155777505686918,1.0750416987807658,3.002283233556908,0.010726673196444722,1,0.0961545472616627,false,false,false,false,true,2.1107564178975804,0.6293699346295855,0.07551559261677544,1.0408342848468812,2.9306166703587757,0.057730024233016985,4,0.7606859258334515,false,false,false,true,false,false,false,false,true,true,true,0.1800851165664566,-0.20188289028905151,delta_g_hat,true,true,flagged
20212022,2021020057,2021-10-21,CBJ,NYI,0.4974,0.412,0.0854,0.497414592185934,-0.0958428254234204,-0.20560242353798452,-0.041511935077599205,0.0,0.0,0.0,-0.18221028002734768,0.0,1.0,0.0,0.011888951187505787,0.14894304195467806,-0.14279419733455426,0.02538197392269552,-0.04553095568521097,0.0026658857210262567,-0.0004904040544961345,-0.008938178716622364,-0.00404201817357409,0.002503617037970341,false,1.988834211120956,0.5194973549800409,0.07185989016348805,1.0377182832810055,2.6775118485310987,0.012734723073342252,0,0.7213608808815285,false,false,false,false,false,2.0809434392548605,0.5211605861489409,0.0713888097743868,1.0215802552496627,2.731187492969478,0.019089255453509896,1,0.8638837763398468,false,false,false,false,false,false,false,false,false,false,false,-0.01040009374018737,-0.35570359854910066,delta_g_hat,true,false,""
20212022,2021020071,2021-10-23,PIT,TOR,0.4973,0.3765,0.1207,0.49727339487512817,-0.20587787799543739,-0.3776722684789431,0.021112536530285553,0.0,1.0,3.0,-0.35979689528381953,0.0,0.0,0.0,0.011888951187505787,0.14044141601856333,-0.2989900182804833,0.02538197392269552,0.14948643708564552,-0.03635704714641865,-0.00017426270885268912,-0.008938178716622364,0.0039014566419324995,0.002503617037970341,false,2.06225400438821,0.5272374457243234,0.07307158600457099,1.0361590140566426,2.75883869036676,0.010308602980262618,2,0.7493113749512991,false,false,false,false,false,2.192656366423273,0.5759619770080988,0.07404986757389995,1.018515892386548,2.8953027496909063,0.008373851330284066,1,0.9118799212463832,false,false,false,false,false,false,false,false,false,false,false,-0.010800104977836504,-0.5044307178801427,delta_g_hat,true,false,""
20212022,2021020077,2021-10-23,ARI,NYI,0.4471,0.3383,0.1089,0.4471361463272578,-0.2243895071691278,-0.3064258356152303,-0.09607010972963703,0.0,0.0,0.0,-2.6894805319698767,0.0,3.0,0.0,0.011888951187505787,0.14044141601856333,-0.3252674548631465,0.02538197392269552,-0.04553095568521097,0.0026658857210262567,0.003973061788332944,-0.008938178716622364,-0.01992896780458727,0.002503617037970341,false,1.9245164910563044,0.5255226606589605,0.07372159012256654,1.010111861528522,2.5492806609904157,0.021726153285466926,2,0.4657826660370332,false,false,false,false,false,2.019440328982703,0.5289850806990474,0.07340825810893756,1.0144637220235155,2.6597551411535068,0.008214124534566186,1,0.8697915465421295,false,false,false,false,false,false,false,false,false,false,false,-0.2123948701039523,-0.670879205231351,delta_g_hat,true,false,sample
20212022,2021020082,2021-10-24,VGK,NYI,0.617,0.5361,0.081,0.6170308699665424,0.12107979625428085,0.09073863789260894,0.16688479149235835,0.0,1.0,1.0,-0.39064612934906967,0.0,0.0,0.0,0.011888951187505787,0.13815219217778402,0.1651295613469441,0.02538197392269552,0.14948643708564552,-0.010341758568122045,-0.0001193446151924611,-0.008938178716622364,0.0039014566419324995,0.002503617037970341,false,2.1350873830489547,0.5420324388324825,0.07321486269587803,0.9983916620018634,2.7459112167965163,0.004643569290317916,2,0.8869323446818357,false,false,false,false,false,2.0043569211339425,0.5043357815279593,0.07355210143779889,1.017600011423879,2.6276923421511076,0.0006415519157363381,0,0.5623072302325917,false,false,false,false,false,false,false,false,false,false,false,0.4768340347247418,0.1446516990757942,delta_g_hat,false,false,""
20212022,2021020085,2021-10-25,FLA,ARI,0.6814,0.7857,-0.1043,0.6814280418826748,0.4677444226100047,0.28436768636825516,0.6119248639764301,0.0,0.0,0.0,-1.5724110490570902,0.0,3.0,0.0,0.011888951187505787,0.1354333700981461,0.6572233500158497,0.02538197392269552,-0.04553095568521097,0.0026658857210262567,0.0019844442959884244,-0.008938178716622364,-0.01992896780458727,0.002503617037970341,false,2.2239822270229452,0.6174508681792452,0.07880391037200693,1.0216723174281834,2.9835253089245293,0.003963055661150426,1,0.27947607829907745,false,false,false,false,false,2.0028677053721937,0.5618266733540799,0.07941922197934578,1.0057964593766007,2.659440097779227,0.008787201106232018,0,0.4143802758224029,false,false,false,false,false,false,false,false,false,false,false,0.760213107750918,1.2991981377022443,delta_g_hat,true,false,""
20212022,2021020096,2021-10-26,SEA,MTL,0.6402,0.5361,0.1041,0.6401730852794815,0.3320166171005203,0.1574810730384999,0.42818844601502937,0.0,0.0,0.0,-3.675489496796266,0.0,3.0,0.0,0.011888951187505787,0.13843937405400222,0.4645564178774021,0.02538197392269552,-0.04553095568521097,0.0026658857210262567,0.005728364126330263,-0.008938178716622364,-0.01992896780458727,0.002503617037970341,false,2.0008752931673293,0.5554890569938782,0.07330946154441234,1.0250064670678352,2.695432663277185,0.012281262315746763,2,0.8310842083727442,false,false,false,false,false,1.9192201343787227,0.48897305789365725,0.078700318797371,1.005895970932932,2.5015561629243157,0.012598432201048452,1,0.8005520067196344,false,false,false,false,false,false,false,false,false,false,false,0.5762323060193298,0.1446516990757942,delta_g_hat,false,false,""
20212022,2021020114,2021-10-29,CAR,CHI,0.5613,0.6676,-0.1063,0.561309542933288,0.2567880534011914,0.09914034899761415,0.46037968267873186,1.0,0.0,-1.0,-1.027443700035402,0.0,1.0,0.0,0.011888951187505787,0.12616203013262198,0.3577687443957243,-0.20940128486223802,-0.04553095568521097,0.015673530010174557,0.0010142883481280528,-0.008938178716622364,-0.00404201817357409,0.002503617037970341,false,2.3290395433485456,0.5686005897695224,0.07929616821680552,0.9653103176524286,2.8736673266726127,0.0018330863243571083,0,0.41020833012513547,false,false,false,false,false,1.9586298059062852,0.5512137668454937,0.07348698054216893,1.041960451782855,2.691728270414614,0.008944282700475564,1,0.43683180479511163,false,false,false,false,false,false,false,false,false,false,false,0.2464397137759854,0.6973501288063867,delta_g_hat,true,false,sample
20212022,2021020121,2021-10-30,NSH,NYI,0.557,0.4754,0.0816,0.5569602511936976,0.09027533085715293,-0.0988447362667424,0.175653201648168,0.0,0.0,0.0,-2.5413414192850805,0.0,2.0,0.0,0.011888951187505787,0.12806013724409523,0.12140232489785203,0.02538197392269552,-0.04553095568521097,0.0026658857210262567,0.0037093431608960672,-0.008938178716622364,-0.011985492989080679,0.002503617037970341,false,2.0435594901827145,0.5470622888172431,0.07700563650336886,1.0248986478832873,2.7340477312057474,0.0007054493440226059,0,0.8155518807275441,false,false,false,false,false,2.0031177967670852,0.5485082680123686,0.07434402675221603,1.0150467999256831,2.665482538109775,0.004294309145927447,0,0.8514049286216441,false,false,false,false,false,false,false,false,false,false,false,0.22899546988214853,-0.09847951250667973,delta_g_hat,false,true,""
20212022,2021020127,2021-10-31,NJD,CBJ,0.4671,0.5512,-0.0842,0.4670590907968719,-0.019917661475815824,-0.11177076888087534,0.1562454770054118,1.0,0.0,-1.0,0.4772255946903979,0.0,0.0,0.0,0.011888951187505787,0.13429845881984825,-0.035017693065711224,-0.20940128486223802,-0.04553095568521097,0.015673530010174557,-0.0016643379373946264,-0.008938178716622364,0.0039014566419324995,0.002503617037970341,false,2.232085578097219,0.490419044105525,0.07409860026797548,1.0109343834266078,2.827182354397302,0.004913627503528431,0,0.6168040824336711,false,false,false,false,false,2.1241623752873515,0.5221802284086685,0.07347378186687249,1.0308333008394166,2.803677302406928,0.01679954696841171,0,0.2628738794585208,false,false,false,false,false,false,false,false,false,false,false,-0.13179042179467407,0.20552036549096234,home_back_to_back,true,true,""
20212022,2021020128,2021-10-31,CAR,ARI,0.6673,0.7569,-0.0896,0.6672937204022449,0.4067987639662379,0.25704703564763953,0.5997763039938269,0.0,0.0,0.0,-0.37551517952172786,0.0,0.0,0.0,0.011888951187505787,0.13429845881984825,0.5707103983478063,0.02538197392269552,-0.04553095568521097,0.0026658857210262567,-0.0001462808729299652,-0.008938178716622364,0.0039014566419324995,0.002503617037970341,false,2.2800734876341764,0.5804468192323783,0.0789772973181811,0.9674143274987345,2.843712097936517,0.003532452917642398,1,0.8204629432583525,false,false,false,false,false,1.9456810915807146,0.5350398593658077,0.07644195900423764,0.9961619696812086,2.5473484411722804,0.0029972227635578497,0,0.6079459707714824,false,false,false,false,false,false,false,false,false,false,false,0.6959985368851299,1.1357582629930443,delta_g_hat,true,false,""
20212022,2021020134,2021-11-01,EDM,SEA,0.5594,0.6928,-0.1333,0.5594214333124008,-0.06094827757653724,-0.29565602039763217,0.060762025604792935,0.0,1.0,1.0,-0.08978058758122837,1.0,1.0,0.0,0.011888951187505787,0.1350700091266728,-0.09326104930507799,0.02538197392269552,0.14948643708564552,-0.010341758568122045,-0.0006549482534219657,0.023385530943394652,-0.00404201817357409,0.002503617037970341,false,2.0772952459802876,0.6156099879780114,0.0768318931357368,1.0417319241924006,2.8853235869148013,0.014459377334293672,0,0.7877019823024022,false,false,false,false,false,2.2349982489036027,0.5474330280269822,0.07555139276221538,1.0140795110143517,2.8982216681695667,0.004234847170053249,1,0.4136328413001187,false,false,false,false,false,false,false,false,false,false,false,0.2387273463996167,0.8132423559747082,away_back_to_back,true,false,""
20212022,2021020140,2021-11-02,CGY,NSH,0.4981,0.5844,-0.0863,0.49806297743349326,-0.08963356341389404,-0.2562389924197488,0.11148511348594914,0.0,0.0,0.0,-2.723163936974487,0.0,1.0,0.0,0.011888951187505787,0.1383119835053075,-0.13398008988082652,0.02538197392269552,-0.04553095568521097,0.0026658857210262567,0.004033025299482879,-0.008938178716622364,-0.00404201817357409,0.002503617037970341,false,2.105950367465781,0.5845199495042409,0.07714506465114085,1.0037088802940068,2.7778801357714475,0.012164756090106789,0,0.7448585190482244,false,false,false,false,false,2.0435912331335664,0.5555249658207924,0.07851942292384237,1.0249396083519002,2.74441480559694,0.004447692330638145,0,0.8370064558213702,false,false,false,false,false,false,false,false,false,false,false,-0.007600036581650361,0.34086242065147215,delta_g_hat,true,true,""
20212022,2021020146,2021-11-03,EDM,NSH,0.5824,0.6791,-0.0967,0.5824082924891516,0.015142814952489744,-0.2340026694564541,0.21892227634279315,0.0,1.0,1.0,-0.28156831484753003,0.0,0.0,0.0,0.011888951187505787,0.14566803342458196,0.01475099218929325,0.02538197392269552,0.14948643708564552,-0.010341758568122045,-0.00031352595597966413,-0.008938178716622364,0.0039014566419324995,0.002503617037970341,false,2.25202121348686,0.643315771431943,0.07601672380470208,1.0418461064420954,3.0956932922958638,0.0007395024926965116,2,0.7816350119483105,false,false,false,false,false,2.29330828788545,0.5613522081044652,0.07971399893316031,1.0259390792215013,3.0104894674124374,0.013811544308722563,2,0.43718454949998353,false,false,false,false,false,false,false,false,false,false,false,0.3326334603140474,0.7496388440039347,away_back_to_back,true,false,""
20212022,2021020158,2021-11-05,EDM,NYR,0.4858,0.6017,-0.1159,0.4858305543625335,-0.1361850137581349,-0.33442806006561554,0.002209339626017215,0.0,0.0,-1.0,-0.8172181821797639,0.0,1.0,0.0,0.011888951187505787,0.14573081246756311,-0.20006032370434793,0.02538197392269552,-0.04553095568521097,0.015673530010174557,0.000640042924240176,-0.008938178716622364,-0.00404201817357409,0.002503617037970341,false,2.2019300340739356,0.6509983823322655,0.07469127407064638,1.0429278984156631,3.0532962511493325,0.036673886065949096,1,0.7987431819039376,false,false,false,false,false,2.2785430990854523,0.5647054250481084,0.07948997137328642,1.04275048254932,3.047686976555238,0.00041572430105280694,1,0.18192650414306477,false,false,false,false,false,false,false,false,false,false,false,-0.05681527826371695,0.41255349203870756,delta_g_hat,true,true,""
20212022,2021020169,2021-11-06,CBJ,COL,0.4997,0.3687,0.131,0.49973449691974575,-0.1288316147672014,-0.32047498148507003,0.03684686245905011,0.0,0.0,0.0,0.0,2.0,2.0,0.0,0.011888951187505787,0.1487411821584053,-0.18962210274398536,0.02538197392269552,-0.04553095568521097,0.0026658857210262567,-0.0008147764912066506,0.05570924060341167,-0.011985492989080679,0.002503617037970341,false,2.088051338679328,0.5180672796144455,0.08009933578298428,1.033326320432918,2.775739714366977,0.012393992858738878,1,0.5724426806530485,false,false,false,false,false,2.2136424596689848,0.5755282254161403,0.07349633159391877,1.0080970530576876,2.8858461833995865,0.05910801650805777,3,0.7549768621823756,false,false,false,false,false,false,false,false,false,false,false,-0.0012000001439999657,-0.537797880133481,delta_g_hat,true,false,""
20212022,2021020174,2021-11-07,DET,VGK,0.4094,0.4928,-0.0834,0.4094294296638603,-0.3223777077408371,-0.3561152926166469,-0.1805629869304548,1.0,1.0,0.0,-0.48908463458351337,0.0,0.0,0.0,0.011888951187505787,0.1454625891249234,-0.4643626529255574,-0.20940128486223802,0.14948643708564552,0.0026658857210262567,0.00005589652819552425,-0.008938178716622364,0.0039014566419324995,0.002503617037970341,false,2.1135287209237,0.46822268485639296,0.07369291078000982,0.9856722823131325,2.6173978600592327,0.008110569661171074,2,0.8692618313833825,false,false,false,false,false,2.3416064711138787,0.5230642363591665,0.07250413874733909,0.9887613299825393,2.9041649073401277,0.006669818208323276,0,0.4368182248585146,false,false,false,false,false,false,false,false,false,false,false,-0.3664462960826332,-0.028801990903706078,delta_g_hat,false,false,""
20212022,2021020180,2021-11-08,NYR,FLA,0.5887,0.4657,0.123,0.5887213638241884,0.11451364396343405,-0.08680818768979304,0.20962295530079755,0.0,0.0,0.0,1.5323867564871563,2.0,0.0,0.0,0.011888951187505787,0.15070719404953625,0.1558088446884633,0.02538197392269552,-0.04553095568521097,0.0026658857210262567,-0.0035427456601803196,0.05570924060341167,0.0039014566419324995,0.002503617037970341,false,2.0826046220578918,0.5743137378343426,0.082010708392066,1.041531973460279,2.8526821976578707,0.021931063132854554,2,0.7641426436693228,false,false,false,false,false,2.1441129364042757,0.6029081043295899,0.07897378060834043,1.0138324219501056,2.8650851741398244,0.018692433981215464,1,0.7096654262468852,false,false,false,false,false,false,false,false,false,false,false,0.35859384079783724,-0.13741582897539412,delta_g_hat,false,true,""
20212022,2021020186,2021-11-09,NJD,FLA,0.5065,0.4087,0.0978,0.5064679760278987,-0.2597692563479168,-0.4415915245872122,-0.19793399467178707,0.0,1.0,2.0,4.074119585584251,3.0,0.0,0.0,0.011888951187505787,0.15158175561997558,-0.3754893508741943,0.02538197392269552,0.14948643708564552,-0.02334940285727035,-0.008067562103674042,0.08803295026342868,0.0039014566419324995,0.002503617037970341,false,2.1159582919254123,0.5074594554037349,0.080725194058984,1.0026602612547646,2.7113366680824513,0.016237570059652345,2,0.30000864551840845,false,false,false,false,false,2.24702956015662,0.5905999693808909,0.07868915571104532,1.0235477201757177,2.984991341592006,0.03782043942064075,2,0.3503593449064546,false,false,false,false,false,false,false,false,false,false,false,0.026001464815201495,-0.3693421122565524,delta_g_hat,true,true,""
20212022,2021020210,2021-11-12,CHI,ARI,0.5781,0.6676,-0.0894,0.5781202138531276,0.14142487772187468,0.06361105327101457,0.31867372399551375,0.0,0.0,1.0,-2.3430709173469086,0.0,1.0,0.0,0.011888951187505787,0.14733039371687304,0.19400960118663768,0.02538197392269552,-0.04553095568521097,-0.010341758568122045,0.0033563801676343855,-0.008938178716622364,-0.00404201817357409,0.002503617037970341,false,2.06496390480682,0.528190728878311,0.07389835739558798,1.0383544391736563,2.7693463128000424,0.00022301457080098341,1,0.6094827228488647,false,false,false,false,false,2.131446726884139,0.4860243833833929,0.07699321835792802,0.9930020523683193,2.6756086083583073,0.013965896704199093,2,0.13905338402644365,false,false,false,false,false,false,false,false,false,false,false,0.3149785449581372,0.6973501288063867,delta_g_hat,true,false,""
20212022,2021020216,2021-11-13,CAR,STL,0.428,0.5595,-0.1315,0.4279793395686653,-0.13792427971040724,-0.26160157360877134,0.09906081548898493,1.0,0.0,-1.0,-1.0631373582008192,0.0,1.0,0.0,0.011888951187505787,0.14803292731377837,-0.20252922853883853,-0.20940128486223802,-0.04553095568521097,0.015673530010174557,0.0010778305306684167,-0.008938178716622364,-0.00404201817357409,0.002503617037970341,false,2.2297697774731886,0.5438638380720224,0.08090495329461149,0.9563335153396281,2.7298909042111386,0.011596901284290959,0,0.34712323670745127,false,false,false,false,false,2.025036661024063,0.5398500738471667,0.07546997451141846,1.0638420884810893,2.808922596044693,0.0034394623924328682,0,0.14974566082074753,false,false,false,false,false,false,false,false,false,false,false,-0.2900157957980013,0.23913308237574568,home_back_to_back,false,true,""
20212022,2021020227,2021-11-14,WSH,PIT,0.6297,0.5405,0.0892,0.6296833285264944,0.1504404209690978,0.06236398991597136,0.2850018748828931,0.0,1.0,1.0,-0.18966333956130735,0.0,0.0,0.0,0.011888951187505787,0.15248974082245745,0.20680725198843006,0.02538197392269552,0.14948643708564552,-0.010341758568122045,-0.0004771360485328255,-0.008938178716622364,0.0039014566419324995,0.002503617037970341,false,2.0694341456085836,0.5175821692682454,0.07774402388132183,1.0603150683589173,2.82548554075048,0.010731631360658741,0,0.09865256092591146,false,false,false,false,true,2.0693135970804764,0.5044803278058553,0.07622831680025297,1.0272474057558925,2.722228472967959,0.014508590205477876,4,0.43637307627001515,false,false,false,true,false,false,false,false,true,true,true,0.5309300275751302,0.16235569528352117,delta_g_hat,false,false,flagged
20212022,2021020242,2021-11-16,VGK,CAR,0.5431,0.4245,0.1186,0.5431055291327372,0.035649195701255236,-0.09697630716573924,0.16975402321215594,0.0,0.0,0.0,-3.2621127222488155,0.0,3.0,0.0,0.011888951187505787,0.15621607632887585,0.04385999791805299,0.02538197392269552,-0.04553095568521097,0.0026658857210262567,0.0049924669441330505,-0.008938178716622364,-0.01992896780458727,0.002503617037970341,false,2.200145699192991,0.5313109396629936,0.07459229992413649,1.0005856842880327,2.807692397555016,0.023868156673589574,1,0.7416131517874927,false,false,false,false,false,2.2954551599177218,0.5403227811251509,0.0794114121085044,0.9560586463426661,2.787091986806458,0.006976339191961334,2,0.00661495331307786,false,false,false,false,true,false,false,false,false,true,true,0.1728289164715738,-0.30432722241053534,away_back_to_back,true,true,flagged
20212022,2021020256,2021-11-18,ARI,CBJ,0.4964,0.3913,0.1051,0.4964286270060365,-0.12976519869031353,-0.22540438069538604,-0.035557227533017155,0.0,0.0,-1.0,-0.6335125846166612,1.0,2.0,0.0,0.011888951187505787,0.15502592484294242,-0.19094733414874138,0.02538197392269552,-0.04553095568521097,0.015673530010174557,0.0003130085093325128,0.023385530943394652,-0.011985492989080679,0.002503617037970341,false,2.0349606180709223,0.49182158223484046,0.07647750298466335,1.0033556377960875,2.6119952999438194,0.0028375562789394737,1,0.2119337949942141,false,false,false,false,false,2.136826771990735,0.5048630055197829,0.07330433173135067,1.0057315315219661,2.7305551835609405,0.004859104858984567,0,0.5839804224918798,false,false,false,false,false,false,false,false,false,false,false,-0.014400248839740013,-0.44185100628351204,delta_g_hat,true,false,sample
20212022,2021020260,2021-11-19,SEA,COL,0.5412,0.412,0.1292,0.5412193381629423,0.018109105588682766,-0.10393904234007945,0.1836141654643204,0.0,0.0,0.0,-0.1923454105387246,0.0,0.0,0.0,0.011888951187505787,0.1551875188963067,0.018961670425495764,0.02538197392269552,-0.04553095568521097,0.0026658857210262567,-0.0004723614008112765,-0.008938178716622364,0.0039014566419324995,0.002503617037970341,false,2.0879451123165866,0.5231196159052578,0.07999900871423031,1.0269106147563094,2.7634819164454356,0.0031074343480165384,1,0.14190043136400826,false,false,false,false,false,2.060259633589185,0.576096149123215,0.07748421920929333,1.0257349066499317,2.7836804210339987,0.022662790285392913,0,0.8484850282916344,false,false,false,false,false,false,false,false,false,false,false,0.1651745110414174,-0.35570359854910066,away_back_to_back,true,true,""
20212022,2021020270,2021-11-20,ARI,DET,0.5119,0.4245,0.0875,0.5119369856537745,-0.05933517938102584,-0.15129653424071332,0.00709230718846543,0.0,0.0,0.0,-0.39064612934906967,0.0,1.0,0.0,0.011888951187505787,0.1550198007487612,-0.09097124082110064,0.02538197392269552,-0.04553095568521097,0.0026658857210262567,-0.0001193446151924611,-0.008938178716622364,-0.00404201817357409,0.002503617037970341,false,2.137041091436264,0.520223577617142,0.07685299437776295,1.0077269877079627,2.755244157008625,0.014044946630158789,0,0.2559834085879806,false,false,false,false,false,2.19027852314784,0.49755945903456983,0.07571477788474305,0.9812149579869073,2.7116393053638927,0.017958245207892215,0,0.5201473096299913,false,false,false,false,false,false,false,false,false,false,false,0.047608990570435925,-0.30432722241053534,delta_g_hat,true,true,""
20212022,2021020279,2021-11-21,LAK,ARI,0.5497,0.6928,-0.1431,0.5496663915291337,0.07588363727286788,0.06575473263598264,0.13394560620982343,1.0,1.0,0.0,-0.5578727539001308,0.0,1.0,0.0,0.011888951187505787,0.15402107070589666,0.10097317671592684,-0.20940128486223802,0.14948643708564552,0.0026658857210262567,0.000178353778555471,-0.008938178716622364,-0.00404201817357409,0.002503617037970341,false,2.1003059589484585,0.517502952599816,0.07724677887494695,0.9894747822230356,2.66668964236047,0.005073141362163164,0,0.8690555535432022,false,false,false,false,false,2.023078619164573,0.520165367763184,0.08168830901465159,1.0088993493489007,2.6482924854612118,0.004006362216814802,0,0.9071684765143697,false,false,false,false,false,false,false,false,false,false,false,0.19945864755908857,0.8132423559747082,home_back_to_back,true,false,""
20212022,2021020280,2021-11-21,SEA,WSH,0.5964,0.4705,0.1258,0.5963600844366358,0.047911576261621895,-0.08073136947175197,0.08384824486523845,0.0,1.0,1.0,-1.1447060829626285,0.0,0.0,0.0,0.011888951187505787,0.15402107070589666,0.06126656567630715,0.02538197392269552,0.14948643708564552,-0.010341758568122045,0.0012230399338172752,-0.008938178716622364,0.0039014566419324995,0.002503617037970341,false,2.044699542677891,0.5143777360561852,0.07631797267252613,1.027709963248442,2.708421956968198,0.008674471590891936,0,0.8132421193568442,false,false,false,false,false,1.936951731033652,0.5218858040483352,0.08017344711881232,1.0750639867394607,2.7295992689000657,0.009669325753280479,2,0.9160264025953252,false,false,false,false,false,false,false,false,false,false,false,0.3904872944111296,-0.118137206016027,away_back_to_back,false,true,sample
20212022,2021020300,2021-11-24,ARI,EDM,0.4656,0.3258,0.1399,0.46562332217842284,-0.3339063729404952,-0.4163997825366983,-0.3209487629049841,0.0,1.0,2.0,-0.8813990433220059,1.0,1.0,0.0,0.011888951187505787,0.1569765764653415,-0.4807277046357185,0.02538197392269552,0.14948643708564552,-0.02334940285727035,0.0007542982907088718,0.023385530943394652,-0.00404201817357409,0.002503617037970341,false,2.164102211467557,0.5161357633320073,0.08046319389461669,1.0107294603633605,2.790322002458768,0.011417074398409416,2,0.38191401748863296,false,false,false,false,false,2.2734526804926305,0.6264501748010044,0.07529038556480362,1.0458837610765428,3.1117062966785323,0.01595014994530386,3,0.8901418783627584,false,false,false,false,false,false,false,false,false,false,false,-0.13781772580520785,-0.7272431066320157,delta_g_hat,true,false,sample
20212022,2021020303,2021-11-24,SEA,CAR,0.5579,0.4147,0.1432,0.5579140611174773,0.07224241204132996,-0.09134819567979457,0.25862371490810654,0.0,0.0,1.0,-1.1447060829626285,0.0,0.0,0.0,0.011888951187505787,0.1569765764653415,0.09580442229635805,0.02538197392269552,-0.04553095568521097,-0.010341758568122045,0.0012230399338172752,-0.008938178716622364,0.0039014566419324995,0.002503617037970341,false,2.071153391765581,0.5482311364005819,0.07695340856194403,1.028597987099714,2.7734477742591266,0.003544817557636387,1,0.7729303828668469,false,false,false,false,false,2.1134115809429925,0.5528328166738944,0.08436677396282335,0.9678396537009007,2.6621505637675353,0.017008581762850306,1,0.8034224974219615,false,false,false,false,false,false,false,false,false,false,false,0.23264363401928498,-0.3445691690448394,delta_g_hat,true,true,sample
20212022,2021020306,2021-11-26,TBL,SEA,0.5171,0.6309,-0.1138,0.5171229189354424,-0.031056745781004032,-0.14506357685566273,0.10001667342427112,0.0,0.0,1.0,-4.068424227653083,0.0,3.0,0.0,0.011888951187505787,0.15793344575381846,-0.050829730929700535,0.02538197392269552,-0.04553095568521097,-0.010341758568122045,0.006427870192053266,-0.008938178716622364,-0.01992896780458727,0.002503617037970341,false,2.0417865176050207,0.5188758149556336,0.08147445084973742,1.0430555810101307,2.7558955177283644,0.004986630443615012,0,0.8036238370936619,false,false,false,false,false,2.040739139248703,0.5325625753871314,0.07783646589055697,1.0347751616118979,2.743331939209669,0.021068396340240915,2,0.7879573096026349,false,false,false,false,false,false,false,false,false,false,false,0.06842668652267961,0.5360797613408109,delta_g_hat,true,false,""
20212022,2021020318,2021-11-27,FLA,SEA,0.49,0.6548,-0.1647,0.49002739887220337,-0.10180107739981761,-0.18208930229145048,0.01499193675387378,1.0,1.0,0.0,1.1604512843249877,0.0,0.0,0.0,0.011888951187505787,0.16211647598710657,-0.15125199361948777,-0.20940128486223802,0.14948643708564552,0.0026658857210262567,-0.0028806226702688207,-0.008938178716622364,0.0039014566419324995,0.002503617037970341,false,2.066513564352716,0.5507474111872304,0.0838758004208823,1.009556212871582,2.7269494139871693,0.006011592727660414,0,0.745653330428316,false,false,false,false,false,2.0521077238770067,0.5624049915381707,0.07772064279109876,1.0260246351944924,2.7622977492120375,0.0070039249369671305,2,0.5569037379688914,false,false,false,false,false,false,false,false,false,false,false,-0.04000533461369925,0.6402058862877071,home_back_to_back,true,true,""
20212022,2021020321,2021-11-27,COL,NSH,0.5701,0.6548,-0.0847,0.5700658157153482,0.1073215546914977,-0.049920349336324055,0.29034250515842386,1.0,1.0,0.0,-0.5780308557304925,1.0,1.0,0.0,0.011888951187505787,0.16211647598710657,0.1455996044337611,-0.20940128486223802,0.14948643708564552,0.0026658857210262567,0.00021423941908679423,0.023385530943394652,-0.00404201817357409,0.002503617037970341,false,2.2156152777946967,0.6098587064304766,0.07716253755133191,1.027000110960393,2.9810080299421595,0.01861726152520707,2,0.5153135105618398,false,false,false,false,false,2.1063046357985864,0.5348051994414117,0.08645553174487047,1.0227206558774424,2.789537441071362,0.005658903293023508,0,0.4505103690150474,false,false,false,false,false,false,false,false,false,false,false,0.2822591605353005,0.6402058862877071,home_back_to_back,true,false,""
20212022,2021020323,2021-11-27,ARI,DAL,0.476,0.3587,0.1172,0.4759777414131711,-0.2861860451078138,-0.34212626832885507,-0.2679299483744373,0.0,1.0,2.0,-1.4392717972221367,0.0,1.0,0.0,0.011888951187505787,0.16211647598710657,-0.41298823791663697,0.02538197392269552,0.14948643708564552,-0.02334940285727035,0.0017474285604709937,-0.008938178716622364,-0.00404201817357409,0.002503617037970341,false,1.8843080276646924,0.5092368996560328,0.0764675769852645,1.014918148751711,2.506860518263813,0.024341717725456874,1,0.40593540552058505,false,false,false,false,false,2.142453949677309,0.5315328851496393,0.0763773584280964,1.0059067814102918,2.7666099933432955,0.000052156159759369504,1,0.7193525211364254,false,false,false,false,false,false,false,false,false,false,false,-0.09607383008962221,-0.5810109816165804,delta_g_hat,true,false,""
20212022,2021020348,2021-12-01,DET,SEA,0.3493,0.5003,-0.1511,0.3492729262750844,-0.38325991819459665,-0.44875628049391114,-0.2621493406927593,1.0,0.0,-1.0,0.6376160636242637,0.0,0.0,0.0,0.011888951187505787,0.15881304171882757,-0.5507855392744677,-0.20940128486223802,-0.04553095568521097,0.015673530010174557,-0.001949866543274667,-0.008938178716622364,0.0039014566419324995,0.002503617037970341,false,1.994160883078832,0.46922017837771623,0.07812253508712096,0.9766770960697544,2.4822283523231077,0.006587471184137633,1,0.7110837036146525,false,false,false,false,false,2.199482379330942,0.5306727216377968,0.07339032207960203,1.0190375155764042,2.85691796270878,0.010498649737493673,3,0.7371260854147929,false,false,false,false,false,false,false,false,false,false,false,-0.6221175546881522,0.001200000143999948,delta_g_hat,false,true,""
20212022,2021020364,2021-12-03,ARI,VGK,0.4014,0.3017,0.0997,0.40139270405289534,-0.38921203528138615,-0.4302160630332863,-0.32820963983040574,0.0,0.0,1.0,1.5521795256221718,1.0,1.0,0.0,0.011888951187505787,0.1595664237074122,-0.5592346270242909,0.02538197392269552,-0.04553095568521097,-0.010341758568122045,-0.0035779809320464853,0.023385530943394652,-0.00404201817357409,0.002503617037970341,false,1.9787094378865506,0.49003187105844026,0.07637071924347191,1.011023388785526,2.5731677875779027,0.01906460634353513,2,0.46207669041227556,false,false,false,false,false,2.280777675084393,0.5220200738801618,0.07637695730660345,1.0075581527659296,2.9009359485409565,0.001186732692917379,2,0.16756325007459605,false,false,false,false,false,false,false,false,false,false,false,-0.3996351590563609,-0.8392156636869741,delta_g_hat,true,false,""
20212022,2021020366,2021-12-03,SEA,EDM,0.562,0.4265,0.1355,0.5620015099192667,0.014388557542889485,-0.0922594492331612,0.06339826192920794,0.0,0.0,0.0,2.2045501113899544,3.0,1.0,0.0,0.011888951187505787,0.1595664237074122,0.013680316504197758,0.02538197392269552,-0.04553095568521097,0.0026658857210262567,-0.004739337121785077,0.08803295026342868,-0.00404201817357409,0.002503617037970341,false,2.1824029146860284,0.5320713809060852,0.07845408489062083,1.023445227656188,2.858409222190581,0.028921418729093554,0,0.8726690635587226,false,false,false,false,false,2.0752317250083854,0.6006809381048919,0.0786234917902867,1.0463128046848837,2.8821064498430635,0.00020476596052322604,1,0.33335446370764404,false,false,false,false,false,false,false,false,false,false,false,0.2492829395172452,-0.2961455696376916,home_tz,true,true,sample
20212022,2021020367,2021-12-04,BOS,TBL,0.5707,0.4803,0.0903,0.5706547026968253,0.0763898218811495,-0.0463704051481546,0.2555048545435419,0.0,0.0,0.0,-0.3893906200004035,1.0,0.0,0.0,0.011888951187505787,0.16018425415149,0.10169171066118027,0.02538197392269552,-0.04553095568521097,0.0026658857210262567,-0.0001215796846225644,0.023385530943394652,0.0039014566419324995,0.002503617037970341,false,2.207987168124047,0.5619563569564784,0.08144922118109575,1.0187233843478465,2.904780468576539,0.01074019145426916,2,0.5632252025780373,false,false,false,false,false,2.092636966548382,0.5350344838983664,0.08129198818730515,1.0293885279936406,2.788575886484099,0.019918274026136697,0,0.79866218934827,false,false,false,false,false,false,false,false,false,false,false,0.2847077023121475,-0.07884081334361756,delta_g_hat,false,true,""
20212022,2021020370,2021-12-04,FLA,STL,0.559,0.6421,-0.0831,0.5590194106138802,0.06519352411463024,-0.10383287148856724,0.10892938397047658,0.0,0.0,0.0,-0.28932076687155583,0.0,0.0,0.0,0.011888951187505787,0.16018425415149,0.08579845773569124,0.02538197392269552,-0.04553095568521097,0.0026658857210262567,-0.00029972496871847774,-0.008938178716622364,0.0039014566419324995,0.002503617037970341,false,2.2194357705099783,0.5481503852093077,0.0816187097466975,1.0039694513482293,2.860514645560589,0.004950227775508395,1,0.7524502389778341,false,false,false,false,false,2.1041745105727148,0.5661995115415897,0.07629779212535408,1.0430736186319385,2.864980908473312,0.015586977851872456,0,0.6606770018356898,false,false,false,false,false,false,false,false,false,false,false,0.23710459770825335,0.5844904370280226,delta_g_hat,true,false,""
20212022,2021020385,2021-12-06,DAL,ARI,0.6452,0.7529,-0.1077,0.6451687459628677,0.3291473674417794,0.28510724649272445,0.37294978270122536,0.0,0.0,1.0,-1.4392717972221367,0.0,1.0,0.0,0.011888951187505787,0.16499207571944327,0.460483490246886,0.02538197392269552,-0.04553095568521097,-0.010341758568122045,0.0017474285604709937,-0.008938178716622364,-0.00404201817357409,0.002503617037970341,false,2.1521466147974535,0.5337122817812351,0.076339025930271,1.00913817523721,2.787439371164704,0.0008133894278084322,2,0.513436338412793,false,false,false,false,false,1.8898714629243547,0.5090445079748265,0.07613661196318484,1.0148834407068974,2.5118898812258514,0.01620718471053867,0,0.5254069342916489,false,false,false,false,false,false,false,false,false,false,false,0.5980060958156294,1.1141393038615124,delta_g_hat,true,false,""
20212022,2021020392,2021-12-07,DET,NSH,0.4087,0.4928,-0.0841,0.408718233658377,-0.36172829466232775,-0.4972185188967555,-0.11417251887979951,0.0,0.0,0.0,-0.758294944842885,0.0,1.0,0.0,0.011888951187505787,0.1644905983887498,-0.5202211915024678,0.02538197392269552,-0.04553095568521097,0.0026658857210262567,0.0005351472286133055,-0.008938178716622364,-0.00404201817357409,0.002503617037970341,false,2.0947722296826057,0.4985720369245584,0.07758690318123751,0.9747415961795025,2.6034677117251324,0.013074658701817427,2,0.6509686859701359,false,false,false,false,false,2.284985277858492,0.5393355762792986,0.07835815091471646,1.021099674904755,2.963924588411973,0.01627620191601179,2,0.1336905477559628,false,false,false,false,false,false,false,false,false,false,false,-0.3693421122565524,-0.028801990903706078,delta_g_hat,false,false,""
20212022,2021020394,2021-12-07,STL,FLA,0.517,0.3879,0.1291,0.5170306286385542,-0.07390000915265411,-0.12464378608425708,0.07754258414359638,0.0,0.0,0.0,0.0,1.0,1.0,0.0,0.011888951187505787,0.1644905983887498,-0.11164615749484189,0.02538197392269552,-0.04553095568521097,0.0026658857210262567,-0.0008147764912066506,0.023385530943394652,-0.00404201817357409,0.002503617037970341,false,2.1064354185828695,0.566381490028317,0.07668413060503408,1.042285832536342,2.865765979719016,0.015775831838817547,0,0.6913106873184371,false,false,false,false,false,2.251554997407127,0.5509776072278303,0.0813986288936063,1.0015451071561168,2.888387216315237,0.014082487048176634,2,0.23971254998195698,false,false,false,false,false,false,false,false,false,false,false,0.0680262208558565,-0.45614809341110263,delta_g_hat,true,true,""
20212022,2021020399,2021-12-08,NYR,COL,0.4624,0.3734,0.089,0.462356724058029,-0.07357397139327186,-0.2820054578055937,0.12342745663688781,1.0,0.0,-1.0,1.0107314419212456,1.0,0.0,0.0,0.011888951187505787,0.15962123054903254,-0.11118334374326258,-0.20940128486223802,-0.04553095568521097,0.015673530010174557,-0.002614090013071174,0.023385530943394652,0.0039014566419324995,0.002503617037970341,false,2.1376114257487417,0.5583016843458074,0.08698874383907779,1.0278073909119556,2.860287093655565,0.0012935171452678265,0,0.42312697157882845,false,false,false,false,false,2.251100616672645,0.6505365287704309,0.07583596515907422,1.0452598890396831,3.1122332132066433,0.011840930766941246,1,0.05869248036814514,false,false,false,false,true,false,false,false,false,true,true,-0.15068447185077227,-0.5176581474104691,home_back_to_back,true,false,flagged
20212022,2021020414,2021-12-10,WSH,PIT,0.4746,0.5713,-0.0968,0.4745664783815989,-0.15743916096531343,-0.1927722376869636,-0.11355884945447592,0.0,0.0,0.0,-3.739547527832372,0.0,3.0,0.0,0.011888951187505787,0.15449258824490114,-0.2302307911502383,0.02538197392269552,-0.04553095568521097,0.0026658857210262567,0.005842400829500582,-0.008938178716622364,-0.01992896780458727,0.002503617037970341,false,1.9996983405701314,0.5039721511431303,0.07801803092867364,1.0670369194432177,2.7547569681617623,0.011216627420259279,0,0.6675472296119361,false,false,false,false,false,2.1795658869519388,0.5297039002389485,0.07656612312105211,1.0305271537418463,2.8708795514455887,0.007871029744724409,1,0.8334161658078423,false,false,false,false,false,false,false,false,false,false,false,-0.10168753324977625,0.2871570921264856,delta_g_hat,true,true,""
20212022,2021020416,2021-12-10,ARI,FLA,0.3502,0.2433,0.1068,0.3501744422165303,-0.5428291208349779,-0.5979239262749205,-0.42951045605750426,0.0,0.0,1.0,-0.6166961501310789,1.0,1.0,0.0,0.011888951187505787,0.15449258824490114,-0.7772955651390812,0.02538197392269552,-0.04553095568521097,-0.010341758568122045,0.0002830717361161368,0.023385530943394652,-0.00404201817357409,0.002503617037970341,false,1.9424647929314798,0.5379689246410115,0.08186398527595526,1.014453195076313,2.5993310913913037,0.006069321934152494,2,0.5730741811156326,false,false,false,false,false,2.349670623880954,0.6032006078367667,0.08030754843120091,1.009448081851719,3.061836501534666,0.038483689651937325,2,0.7176140819290493,false,false,false,false,false,false,false,false,false,false,false,-0.6181602033832483,-1.134671623910999,delta_g_hat,true,false,""
20212022,2021020425,2021-12-11,CGY,BOS,0.4631,0.5512,-0.0881,0.463094837312814,-0.20011392398491534,-0.27848435128660887,-0.08481330375277185,0.0,0.0,0.0,-0.28156831484753003,0.0,0.0,0.0,0.011888951187505787,0.15095700467686002,-0.29080802983658427,0.02538197392269552,-0.04553095568521097,0.0026658857210262567,-0.00031352595597966413,-0.008938178716622364,0.0039014566419324995,0.002503617037970341,false,2.0377294110417363,0.5684605963146474,0.07958573536510045,0.9979016103225423,2.6801399386269913,0.0016128252509875901,0,0.7175937395049129,false,false,false,false,false,2.1535770917784753,0.551230996965918,0.08122184077759627,1.036752742187067,2.888424169247164,0.007163564912689546,1,0.35040258752618947,false,false,false,false,false,false,false,false,false,false,false,-0.14786884394181743,0.20552036549096234,delta_g_hat,true,true,""
20212022,2021020437,2021-12-14,BOS,VGK,0.5649,0.4754,0.0895,0.5648710176932082,0.0676584914457296,-0.03560001672921054,0.1377976107990655,0.0,0.0,1.0,-0.4551880761552666,2.0,3.0,0.0,0.011888951187505787,0.15265983222502608,0.08929750269351473,0.02538197392269552,-0.04553095568521097,-0.010341758568122045,-4.446440663425723e-6,0.05570924060341167,-0.01992896780458727,0.002503617037970341,false,2.1999225713683845,0.5363810215107218,0.07804910702552117,1.0346643766772379,2.9119104819967228,0.0036176671512561653,3,0.6355537795784308,false,false,false,false,false,2.1381508852217124,0.5428468914045291,0.07696169047949868,1.015890317592928,2.801784318946473,0.009297367472159063,1,0.7327637045975194,false,false,false,false,false,false,false,false,false,false,false,0.26107283460458186,-0.09847951250667973,delta_g_hat,false,true,""
20212022,2021020452,2021-12-15,ARI,NYR,0.4783,0.3587,0.1196,0.4783229373617455,-0.26880363128251067,-0.5233694427100182,-0.11682336480886191,0.0,1.0,3.0,-0.9462557574140483,0.0,0.0,0.0,0.011888951187505787,0.15175969574259932,-0.3883137334382744,0.02538197392269552,0.14948643708564552,-0.03635704714641865,0.0008697568168903559,-0.008938178716622364,0.0039014566419324995,0.002503617037970341,false,2.004659592774453,0.5348021672668396,0.07612603429222355,1.0038191304495918,2.6255770653224357,0.0007327268159903477,2,0.5727002862353998,false,false,false,false,false,2.1952725242837676,0.5701520063894648,0.07814642358158198,1.0193079697163985,2.8984745361259967,0.008942806293840894,1,0.45901410213505517,false,false,false,false,false,false,false,false,false,false,false,-0.08685455934209596,-0.5810109816165804,delta_g_hat,true,false,sample
20212022,2021020458,2021-12-16,NYI,BOS,0.4456,0.5383,-0.0927,0.44556837427005574,-0.2501355981656886,-0.36554491498225383,-0.15670168718466382,0.0,0.0,0.0,0.5089199369382993,0.0,0.0,0.0,0.011888951187505787,0.15251949717529675,-0.361814279946221,0.02538197392269552,-0.04553095568521097,0.0026658857210262567,-0.0017207605005087698,-0.008938178716622364,0.0039014566419324995,0.002503617037970341,false,1.8803779050878886,0.5207791076456356,0.07709016508286592,1.0019232821834334,2.483013546459628,0.01606918118995601,1,0.2637429546253139,false,false,false,false,false,2.1499676059646804,0.5594613542051607,0.07874843013119952,1.0172339489157645,2.8362286970135786,0.032481320121978796,3,0.41651645412909066,false,false,false,false,false,false,false,false,false,false,false,-0.21846475926261918,0.15350069605396838,delta_g_hat,false,true,""
20212022,2021020465,2021-12-17,NYR,VGK,0.5152,0.4326,0.0827,0.5152458880537443,-0.22362876214673397,-0.4096652067161446,0.011721085495581374,0.0,1.0,1.0,3.441628900447175,2.0,0.0,0.0,0.011888951187505787,0.15373170900267197,-0.32418756994896825,0.02538197392269552,0.14948643708564552,-0.010341758568122045,-0.0069415962981013565,0.05570924060341167,0.0039014566419324995,0.002503617037970341,false,2.056396213692584,0.5453746341042897,0.07683935100392474,1.0177566120181678,2.7261732408488117,0.015370270343051329,1,0.7133832554205238,false,false,false,false,false,2.2206687005217676,0.5392664620932126,0.07393029888542654,1.0191450483946307,2.8881199529047046,0.04163296143569584,1,0.6005684174622729,false,false,false,false,false,false,false,false,false,false,false,0.06081874003503915,-0.27125100885579273,delta_g_hat,true,true,""
20212022,2021020468,2021-12-17,STL,DAL,0.5532,0.4634,0.0898,0.5531969238691464,0.0533452666300635,-0.012847651784231306,0.13542707265297205,0.0,0.0,0.0,0.0,0.0,0.0,0.0,0.011888951187505787,0.15373170900267197,0.06897974168728097,0.02538197392269552,-0.04553095568521097,0.0026658857210262567,-0.0008147764912066506,-0.008938178716622364,0.0039014566419324995,0.002503617037970341,false,1.9952001488240685,0.5285395797311203,0.07106842425625062,1.0431535490709254,2.7067833337634246,0.004410924273832523,0,0.4991413655636875,false,false,false,false,false,2.0469730974258993,0.5032488673793531,0.07546596034740095,1.0049332468263659,2.6386410917764396,0.013620448498139471,5,0.57051722963342,false,false,false,true,false,false,false,false,true,false,true,0.21360853259555754,-0.1466623259932479,delta_g_hat,false,true,flagged
20212022,2021020470,2021-12-17,ANA,ARI,0.5937,0.746,-0.1523,0.5936617270839845,0.17506760713725464,0.10491326581888627,0.290022925211177,0.0,0.0,0.0,-0.5205117975989916,0.0,1.0,0.0,0.011888951187505787,0.15373170900267197,0.24176578085000244,0.02538197392269552,-0.04553095568521097,0.0026658857210262567,0.00011184345635292163,-0.008938178716622364,-0.00404201817357409,0.002503617037970341,false,2.1246919228506878,0.49706169074546713,0.07760803437891127,0.9979024671903886,2.6936996483534315,0.00814129294582068,1,0.13217085379330262,false,false,false,false,false,1.9739843519868332,0.5315271545773902,0.07351378478199681,1.0074609297629509,2.598267217901828,0.013912491048460318,3,0.5322549090117438,false,false,false,false,false,false,false,false,false,false,false,0.3792823382829487,1.0773913331852243,delta_g_hat,true,false,""
20212022,2021020552,2021-12-30,FLA,TBL,0.5016,0.5949,-0.0933,0.5016238832794824,0.06456807039793112,-0.23111454766510775,0.26132584775089773,1.0,0.0,-1.0,-0.28932076687155583,0.0,0.0,0.0,0.011888951187505787,0.15180447962880178,0.08491062013794427,-0.20940128486223802,-0.04553095568521097,0.015673530010174557,-0.00029972496871847774,-0.008938178716622364,0.0039014566419324995,0.002503617037970341,false,2.2407770191241676,0.6055885797677104,0.08135465604306062,1.0039884187356296,2.9393972292524033,0.1158371666069478,1,0.5864068315843871,false,false,true,false,false,2.1734272459570394,0.5623502517679415,0.08322755215210637,1.0467905628783887,2.950907882917856,0.018202682301190407,3,0.5142325807334032,false,false,false,false,false,false,false,true,false,false,true,0.006400021845467725,0.384259373985215,home_back_to_back,true,false,flagged
20212022,2021020554,2021-12-30,CAR,MTL,0.6984,0.7907,-0.0924,0.6983652679600302,0.5132036459856854,0.45575331790441886,0.5858701797106733,0.0,0.0,2.0,-0.9421226886104295,0.0,0.0,0.0,0.011888951187505787,0.15180447962880178,0.721753157097839,0.02538197392269552,-0.04553095568521097,-0.02334940285727035,0.0008623990893311817,-0.008938178716622364,0.0039014566419324995,0.002503617037970341,false,2.1995874882194664,0.5434537927366462,0.07794064817929565,0.9791697098018477,2.7622200569077737,0.0003657430600881445,6,0.30532525268218474,false,false,false,true,false,1.945169496340884,0.45657510194051076,0.07864669629921876,0.9852816493193948,2.443884025681856,0.018199684004943595,1,0.5549657475307762,false,false,false,false,false,false,false,false,true,false,true,0.8396903683915916,1.329149999624927,delta_g_hat,true,false,flagged
20212022,2021020558,2021-12-30,SEA,CGY,0.4789,0.3531,0.1259,0.47893389318371227,-0.012724627400749814,-0.11835189584092198,0.03490396814275876,1.0,0.0,-3.0,-0.7108277654333219,0.0,1.0,0.0,0.011888951187505787,0.15180447962880178,-0.024807111653832117,-0.20940128486223802,-0.04553095568521097,0.04168881858847116,0.00045064571395373587,-0.008938178716622364,-0.00404201817357409,0.002503617037970341,false,1.9382171051827546,0.5158120152723049,0.07753098244462979,1.0277283716408303,2.6017561422639908,0.010073864865295594,1,0.5367532078795645,false,false,false,false,false,2.037788047633907,0.5518943907960211,0.07878139844351609,0.9951701085720436,2.6555754462619174,0.0012723413246545287,1,0.67155835456975,false,false,false,false,false,false,false,false,false,false,false,-0.08445015456660525,-0.605440420115599,home_back_to_back,true,false,""
20212022,2021020568,2022-01-01,FLA,MTL,0.7352,0.8373,-0.1021,0.7351862345200868,0.6214699072505924,0.36757026378211455,0.6998129843325742,0.0,0.0,0.0,-1.083262846011194,0.0,0.0,0.0,0.011888951187505787,0.15580960852821454,0.8754381616826342,0.02538197392269552,-0.04553095568521097,0.0026658857210262567,0.0011136581114177533,-0.008938178716622364,0.0039014566419324995,0.002503617037970341,false,2.2045456840322135,0.5995260948083366,0.07848608732609992,1.0144099318614515,2.9240953286048024,0.0002146622960258332,2,0.7397324502452828,false,false,false,false,false,1.9362134224071823,0.4684078108649781,0.08261593601044918,0.9813781500078949,2.4409202118214406,0.010335123138132812,2,0.6042789554138394,false,false,false,false,false,false,false,false,false,false,false,1.021167746978624,1.6382744149853943,delta_g_hat,true,false,""
20212022,2021020570,2022-01-01,CBJ,CAR,0.415,0.3319,0.0831,0.4150030037314199,-0.341563914154347,-0.5388284584082013,-0.3021989562916585,0.0,0.0,0.0,-0.5964387362198076,0.0,0.0,0.0,0.011888951187505787,0.15580960852821454,-0.49159765842196357,0.02538197392269552,-0.04553095568521097,0.0026658857210262567,0.0002470092992938765,-0.008938178716622364,0.0039014566419324995,0.002503617037970341,false,2.049089862908329,0.5249674254240634,0.07555291002930499,1.0160649497788867,2.692176053132004,0.04358014391951709,1,0.2085046224473906,false,false,false,false,false,2.3868709287718914,0.546908264760414,0.0792344710976823,0.9720239828438407,2.9287215426565565,0.059825177545431374,0,0.4394017133050517,false,false,false,false,false,false,false,false,false,false,false,-0.34333332700115815,-0.6996041442055029,delta_g_hat,true,false,""
20212022,2021020576,2022-01-02,NYR,TBL,0.5215,0.4018,0.1197,0.5214684595862685,-0.04032584377534274,-0.5251612683602795,0.14746332007635887,0.0,0.0,0.0,0.0,0.0,0.0,0.0,0.011888951187505787,0.15904520399431094,-0.06398730514639327,0.02538197392269552,-0.04553095568521097,0.0026658857210262567,-0.0008147764912066506,-0.008938178716622364,0.0039014566419324995,0.002503617037970341,false,2.039766017275218,0.5686029970686448,0.08036931416855797,1.0182917595557086,2.7379200835257875,0.009083845292678555,2,0.6936177143686761,false,false,false,false,false,2.2252162554489745,0.5625740438601182,0.07730109131707806,1.0482299651293137,3.003274648488368,0.012763010314083507,2,0.0645245325230969,false,false,false,false,true,false,false,false,false,true,true,0.08605306354781814,-0.3979706938150137,delta_g_hat,true,true,flagged
20212022,2021020579,2022-01-02,CHI,CGY,0.3956,0.3141,0.0815,0.3956098488463569,-0.24442070273447136,-0.32522454929257316,-0.12416164233687033,1.0,0.0,-2.0,-2.1462006822813398,0.0,2.0,0.0,0.011888951187505787,0.15904520399431094,-0.3537019306299439,-0.20940128486223802,-0.04553095568521097,0.02868117429932286,0.003005909942494475,-0.008938178716622364,-0.011985492989080679,0.002503617037970341,false,1.9321475416272351,0.5427423696786734,0.07639884168651634,1.0385990868822055,2.649766169230773,0.013604987873024804,3,0.5194407707050347,false,false,false,false,false,2.236799701512264,0.5650087631639008,0.07809206599590675,0.9977146602980345,2.8733189796516148,0.008159050521188427,0,0.8799190217969836,false,false,false,false,false,false,false,false,false,false,false,-0.4238326306500276,-0.7810204379606749,delta_g_hat,true,false,""
20212022,2021020580,2022-01-02,COL,ANA,0.6274,0.726,-0.0985,0.6274183577996867,0.26894553355351375,0.10828333450533512,0.44627462115759764,0.0,0.0,2.0,0.665045027144667,1.0,1.0,0.0,0.011888951187505787,0.15904520399431094,0.37502640501058143,0.02538197392269552,-0.04553095568521097,-0.02334940285727035,-0.0019986958394714663,0.023385530943394652,-0.00404201817357409,0.002503617037970341,false,2.187423692940503,0.6416873225497889,0.07359269579524759,1.0362074177075462,3.0078031170412998,0.03187808279240797,6,0.12259107325052472,false,false,false,true,false,2.031028443258359,0.5008120346176156,0.08693487952757188,0.9959588178467077,2.6081924091657256,0.015038495416005854,2,0.7823355925408816,false,false,false,false,false,false,false,false,true,false,true,0.5210788375890896,0.9744219084367257,delta_g_hat,true,false,flagged
20212022,2021020590,2022-01-04,CBJ,TBL,0.3908,0.3017,0.0891,0.3907818280142812,-0.40580156290114267,-0.5984397534804127,-0.17952077326308702,0.0,0.0,1.0,-0.7682041083583853,0.0,0.0,0.0,0.011888951187505787,0.15843937095029884,-0.5827836218682485,0.02538197392269552,-0.04553095568521097,-0.010341758568122045,0.0005527876137485643,-0.008938178716622364,0.0039014566419324995,0.002503617037970341,false,2.0288805909043095,0.5248969105629262,0.07741696879064278,1.0182459062641034,2.6792029979248313,0.021877850052289843,3,0.008842293957267306,false,false,false,false,true,2.3317523088033894,0.5367421735984871,0.07708181141371521,1.0441579341201057,3.0756468577436453,0.02885046893260565,2,0.7089111395163292,false,false,false,false,false,false,false,false,false,true,true,-0.44395070085237903,-0.8392156636869741,delta_g_hat,true,false,flagged
20212022,2021020591,2022-01-04,CHI,COL,0.4037,0.2952,0.1085,0.4036802125842614,-0.3724165891588848,-0.5275272486627212,-0.14200140894663704,0.0,0.0,0.0,-1.4752068328424155,0.0,1.0,0.0,0.011888951187505787,0.15843937095029884,-0.535393328874865,0.02538197392269552,-0.04553095568521097,0.0026658857210262567,0.0018114004454034987,-0.008938178716622364,-0.00404201817357409,0.002503617037970341,false,2.026091859326855,0.5670310630684612,0.08460421103173488,1.041277114373558,2.788255982574699,0.007681246436288203,3,0.6262197989301688,false,false,false,false,false,2.308007361051607,0.6369906445951725,0.07875642529471662,1.0489817239691777,3.171863135828451,0.05984780803440352,0,0.817939049988376,false,false,false,false,false,false,false,false,false,false,false,-0.3900718682701651,-0.8702609818956523,delta_g_hat,true,false,""
20212022,2021020596,2022-01-05,TOR,EDM,0.6364,0.746,-0.1096,0.6363942182380958,0.3376819397960575,0.027100060001053805,0.37076991242463153,0.0,0.0,2.0,-0.5477965174226433,0.0,0.0,1.0,0.011888951187505787,0.15783814539700028,0.4725983982161117,0.02538197392269552,-0.04553095568521097,-0.02334940285727035,0.00016041596857799094,-0.008938178716622364,0.0039014566419324995,-0.03304470425071426,false,2.443037106148436,0.6282833596105429,0.07892596147204779,1.0188396220872393,3.209595879401735,0.004181724816196997,2,0.8343239732187951,false,false,false,false,false,2.230769688373507,0.6105905593277279,0.07824094229701588,1.0304724776817564,3.008568672100102,0.006146226943360436,3,0.034007419868970504,false,false,false,false,true,false,false,false,false,true,true,0.5597729341603079,1.0773913331852243,delta_g_hat,true,false,flagged
20212022,2021020604,2022-01-06,PHI,PIT,0.4132,0.2952,0.118,0.4131653782819564,-0.5409157658529689,-0.5539889730964664,-0.2866274088884695,0.0,1.0,1.0,3.408941290991622,3.0,0.0,0.0,0.011888951187505787,0.1595881371154726,-0.7745795392437849,0.02538197392269552,0.14948643708564552,-0.010341758568122045,-0.006883405511457771,0.08803295026342868,0.0039014566419324995,0.002503617037970341,false,1.9303600121996185,0.47328714958961604,0.07791973786543571,1.0199425534814717,2.5310556802688837,0.015602013608684268,3,0.5709758027695984,false,false,false,false,false,2.2480475395888533,0.5637466431804435,0.07209408220127347,1.0338081556012741,2.981387208169384,0.002944907188081977,0,0.8799142366624602,false,false,false,false,false,false,false,false,false,false,false,-0.3507523090233432,-0.8702609818956523,delta_g_hat,true,false,""
20212022,2021020606,2022-01-06,COL,WPG,0.5982,0.6861,-0.0879,0.5981972280006609,0.1581329683449797,-0.061243717168859124,0.3757414743229188,0.0,0.0,0.0,0.5289510754283672,1.0,0.0,0.0,0.011888951187505787,0.1595881371154726,0.21772689736011672,0.02538197392269552,-0.04553095568521097,0.0026658857210262567,-0.0017564201197197934,0.023385530943394652,0.0039014566419324995,0.002503617037970341,false,2.2910437435825446,0.6349809240515415,0.0786940073271182,1.0503861111485167,3.1561147640878233,0.004042817934462595,1,0.826316794585215,false,false,false,false,false,2.1423709763459153,0.584835314609598,0.08484613342656439,1.0282635951256618,2.891531135576948,0.008440037325981892,3,0.8615227672498205,false,false,false,false,false,false,false,false,false,false,false,0.3979706938150135,0.7819489258489374,delta_g_hat,true,false,""
20212022,2021020608,2022-01-06,VGK,NYR,0.5431,0.626,-0.0829,0.5430840827566136,0.024106745522737172,-0.0750213592870792,0.4094111370057103,0.0,0.0,-1.0,-3.591406224048126,0.0,3.0,0.0,0.011888951187505787,0.1595881371154726,0.027475378297126797,0.02538197392269552,-0.04553095568521097,0.015673530010174557,0.005578678301448068,-0.008938178716622364,-0.01992896780458727,0.002503617037970341,false,2.2446056520883837,0.5558490802175508,0.07366109682293877,0.9844022707817008,2.8292861486840937,0.0022381908116480623,1,0.08108836409800413,false,false,false,false,true,2.012651941354024,0.5436644399028218,0.07801590354300081,1.0098217213909642,2.6602059625523724,0.008638889942626071,0,0.45255700563279805,false,false,false,false,false,false,false,false,false,true,true,0.1728289164715738,0.5150945736855667,away_back_to_back,true,false,flagged
20212022,2021020620,2022-01-08,MIN,WSH,0.5603,0.4611,0.0992,0.5603010025302678,-0.08164831919004681,-0.17654939528572644,0.10112916436064001,0.0,1.0,1.0,1.0479584072746821,1.0,0.0,0.0,0.011888951187505787,0.1624640422709546,-0.12264495850365709,0.02538197392269552,0.14948643708564552,-0.010341758568122045,-0.0026803618033412933,0.023385530943394652,0.0039014566419324995,0.002503617037970341,false,2.108146336250962,0.5431103769027454,0.08216980652086976,1.0459436916716616,2.8590102249016485,0.014971423562521293,4,0.6462730956324426,false,false,false,true,false,2.07114077874075,0.571594185302765,0.08269229057350515,1.0622623656288708,2.895118802838874,0.02008958783052673,1,0.4461386656173643,false,false,false,false,false,false,false,false,true,false,true,0.24237967838447455,-0.155915085726791,away_back_to_back,false,true,flagged
20212022,2021020622,2022-01-08,COL,TOR,0.5,0.6017,-0.1017,0.49999111558909254,-0.10402901052591264,-0.3414923828228993,0.17580233921861232,0.0,0.0,-1.0,-2.1623510742023964,0.0,2.0,0.0,0.011888951187505787,0.1624640422709546,-0.1544145662316586,0.02538197392269552,-0.04553095568521097,0.015673530010174557,0.0030346610205372548,-0.008938178716622364,-0.011985492989080679,0.002503617037970341,false,2.22336823840829,0.6283411709644626,0.07852832793380286,1.0529451422398124,3.0853795911047164,0.010890700116060519,0,0.8340202200575567,false,false,false,false,false,2.333394538312568,0.6328604760029007,0.08446876753141935,1.0214067882535276,3.1160299798648854,0.035680922807540844,2,0.8498082103223253,false,false,false,false,false,false,false,false,false,false,false,0.0,0.41255349203870756,delta_g_hat,true,false,""
20212022,2021020626,2022-01-08,VGK,CHI,0.6112,0.6968,-0.0856,0.6111646073257461,0.22085910808122936,0.13660908816500994,0.38425793421676246,0.0,0.0,0.0,-0.39064612934906967,0.0,1.0,0.0,0.011888951187505787,0.1624640422709546,0.3067672591526479,0.02538197392269552,-0.04553095568521097,0.0026658857210262567,-0.0001193446151924611,-0.008938178716622364,-0.00404201817357409,0.002503617037970341,false,2.2889902136483036,0.5348826711027113,0.0752054296263836,0.9944850793031552,2.8830901273796647,0.027875672908425006,0,0.683066308040286,false,false,false,false,false,1.958138803803627,0.5242683570856401,0.07457461838239508,1.037108875864462,2.6518684987063454,0.006139965780383366,2,0.7468798077320103,false,false,false,false,false,false,false,false,false,false,false,0.45235916526602654,0.8321057717700763,delta_g_hat,true,false,""
20212022,2021020634,2022-01-10,COL,SEA,0.6384,0.767,-0.1286,0.6383928491015751,0.28253232430900993,0.053588360843291216,0.37203614240289173,0.0,0.0,-2.0,-1.641176682894509,0.0,1.0,0.0,0.011888951187505787,0.16241361816091202,0.39431298584523256,0.02538197392269552,-0.04553095568521097,0.02868117429932286,0.0021068615174889833,-0.008938178716622364,-0.00404201817357409,0.002503617037970341,false,2.146617343559756,0.6356281763820186,0.07919278345586246,1.0528073675865306,3.0125433277113345,0.0008414066037048529,2,0.12787150716469256,false,false,false,false,false,2.028687630388694,0.5506746358049541,0.08385636695321387,1.028280631758933,2.7385361386044176,0.013589972598186242,3,0.716823712927258,false,false,false,false,false,false,false,false,false,false,false,0.5684264176175774,1.1914483478015556,delta_g_hat,true,false,""
20212022,2021020641,2022-01-11,NSH,COL,0.522,0.4347,0.0874,0.5220231410587572,-0.17720778847110658,-0.4564935604900846,0.05401299663291015,0.0,1.0,2.0,0.6928066924723125,1.0,1.0,0.0,0.011888951187505787,0.16312338817617444,-0.25829254901799337,0.02538197392269552,0.14948643708564552,-0.02334940285727035,-0.002048117414522658,0.023385530943394652,-0.00404201817357409,0.002503617037970341,false,2.1053608294081805,0.5562022554980113,0.08974391648608711,1.0187903357069839,2.8030049835814146,0.01809487836884066,2,0.8576376692505241,false,false,false,false,false,2.2059623887632203,0.6646337441042475,0.07792606521286624,1.0558454633851673,3.113183786533582,0.00005915786878743501,2,0.9552639089553414,false,false,false,false,false,false,false,false,false,false,false,0.08805685539118287,-0.2627004256864989,delta_g_hat,true,true,""
20212022,2021020647,2022-01-12,DAL,SEA,0.5329,0.6475,-0.1146,0.5329093321541893,0.004610883931736137,-0.06748763282679793,0.09089936107198104,0.0,0.0,1.0,-0.1851155387909904,0.0,1.0,0.0,0.011888951187505787,0.16165631271716752,-0.00019918571747732267,0.02538197392269552,-0.04553095568521097,-0.010341758568122045,-0.0004852320857998791,-0.008938178716622364,-0.00404201817357409,0.002503617037970341,false,1.9836942850093948,0.5349179822559568,0.07856424008160529,1.0079576653071158,2.617843968735928,0.0039302710978849215,2,0.5010720174400042,false,false,false,false,false,1.9402737854687135,0.53137222738221,0.07431765184627387,1.0294418293758003,2.6209214925102,0.0030389475434719135,2,0.8000947861243437,false,false,false,false,false,false,false,false,false,false,false,0.1317904217946744,0.6080681713213693,away_back_to_back,true,false,""
20212022,2021020649,2022-01-12,ARI,TOR,0.3698,0.2475,0.1223,0.36983680662396545,-0.584538962275501,-0.7179960201623548,-0.37341443609590685,0.0,1.0,3.0,-0.39064612934906967,0.0,1.0,0.0,0.011888951187505787,0.16165631271716752,-0.8365030883150536,0.02538197392269552,0.14948643708564552,-0.03635704714641865,-0.0001193446151924611,-0.008938178716622364,-0.00404201817357409,0.002503617037970341,false,1.980433237742912,0.5326041703601693,0.07894598858885357,1.0044002928643252,2.603388882736848,0.02540693788495363,3,0.5733598612745157,false,false,false,false,false,2.352982139490041,0.6141833485963195,0.07847584278710386,1.0150308968627824,3.091420051598851,0.008328842763155736,2,0.4550441825268444,false,false,false,false,false,false,false,false,false,false,false,-0.5330749103701496,-1.1119904146142856,delta_g_hat,true,false,""
20212022,2021020663,2022-01-14,COL,ARI,0.7299,0.8452,-0.1153,0.7298933177837024,0.5838284426949987,0.3840813004758412,0.7047458085317757,0.0,0.0,1.0,0.6978903736666248,1.0,0.0,0.0,0.011888951187505787,0.1643223393390581,0.8220057388279259,0.02538197392269552,-0.04553095568521097,-0.010341758568122045,-0.002057167431109049,0.023385530943394652,0.0039014566419324995,0.002503617037970341,false,2.3313882095609815,0.6526577042240039,0.07670799208866465,1.0558167496957662,3.2315952405181387,0.003331631443781166,0,0.20341985812819616,false,false,false,false,false,2.024769509483804,0.5407061861710362,0.0868926170213357,1.0081078350980606,2.673873277574675,0.023849304123664122,1,0.19140583782010687,false,false,false,false,false,false,false,false,false,false,false,0.9941152776590167,1.6974393245862744,delta_g_hat,true,false,""
20212022,2021020669,2022-01-15,FLA,CBJ,0.6216,0.7424,-0.1207,0.6216346186359851,0.40093220113705685,0.18288924288725017,0.6189853169248818,1.0,0.0,-1.0,-1.083262846011194,0.0,0.0,0.0,0.011888951187505787,0.16687691746593206,0.5623827556937978,-0.20940128486223802,-0.04553095568521097,0.015673530010174557,0.0011136581114177533,-0.008938178716622364,0.0039014566419324995,0.002503617037970341,false,2.4013102284585788,0.5906926678017065,0.07802683695268886,1.0239168572461008,3.1434551960835138,0.02260812265231607,0,0.3684265253019221,false,false,false,false,false,2.0927664344364025,0.5349657510606552,0.07912720814239367,1.0313398548724806,2.7916919741963224,0.014516618531443537,1,0.5648671043174516,false,false,false,false,false,false,false,false,false,false,false,0.4963449618757147,1.058480187241792,delta_g_hat,true,false,""
20212022,2021020677,2022-01-15,ARI,COL,0.3259,0.1909,0.135,0.32590722312928,-0.5907486775117043,-0.7298459697815423,-0.5361108965393786,1.0,1.0,0.0,0.0,0.0,0.0,0.0,0.011888951187505787,0.16687691746593206,-0.8453178391284312,-0.20940128486223802,0.14948643708564552,0.0026658857210262567,-0.0008147764912066506,-0.008938178716622364,0.0039014566419324995,0.002503617037970341,false,1.9944051078065281,0.5357777014820048,0.08742971132085202,1.009561994771057,2.6426421178441055,0.014411123606590914,1,0.9224501627324881,false,false,false,false,false,2.3259575449672214,0.6535075728319338,0.07717073237267787,1.0554584543880257,3.2261521500493915,0.010522613476925444,1,0.9470215044640494,false,false,false,false,false,false,false,false,false,false,false,-0.7267878820158771,-1.4441727880820923,delta_g_hat,true,false,sample
20212022,2021020679,2022-01-15,SEA,LAK,0.6051,0.4878,0.1173,0.6050988577822772,0.15036424348973157,0.11472774086257065,0.4144117893600101,0.0,0.0,0.0,1.2222110755228013,2.0,0.0,0.0,0.011888951187505787,0.16687691746593206,0.2066991173199851,0.02538197392269552,-0.04553095568521097,0.0026658857210262567,-0.0029905680254845675,0.05570924060341167,0.0039014566419324995,0.002503617037970341,false,2.059981357314865,0.5451262999093157,0.07668523534754992,1.0259316857035115,2.7513363029838116,0.013133337558815565,1,0.2695103957086121,false,false,false,false,false,2.0408832585412378,0.5368552103018265,0.07922848236116284,0.9635164947693503,2.560031483542304,0.0059164480734880814,1,0.280364881266453,false,false,false,false,false,false,false,false,false,false,false,0.42676116533567193,-0.048809687983604896,delta_g_hat,false,true,""
20212022,2021020690,2022-01-17,SEA,CHI,0.5876,0.5053,0.0823,0.587620152660761,0.153675564260228,0.08490432734812403,0.3383420820502181,0.0,0.0,0.0,-2.787065785001431,0.0,2.0,0.0,0.011888951187505787,0.16395962759174093,0.21139956916758598,0.02538197392269552,-0.04553095568521097,0.0026658857210262567,0.004146783964206373,-0.008938178716622364,-0.011985492989080679,0.002503617037970341,false,2.067372458386795,0.5374449491740412,0.0776585318095443,1.0234611965093106,2.7454100345154466,0.010292634307411876,1,0.6584713316883569,false,false,false,false,false,1.8633128658821607,0.5225503051252751,0.07801155888079354,1.0412575185639512,2.5655280872958435,0.0011980608651351865,2,0.7494458920480064,false,false,false,false,false,false,false,false,false,false,false,0.3540526921569175,0.02120079406419991,delta_g_hat,false,false,""
20212022,2021020701,2022-01-19,NJD,ARI,0.5352,0.6421,-0.1069,0.5352161415158462,0.021114649199421114,-0.031500669936824544,0.12090834100583958,0.0,0.0,2.0,-3.4041308830360717,0.0,2.0,0.0,0.011888951187505787,0.16276244677622065,0.0232280686385635,0.02538197392269552,-0.04553095568521097,-0.02334940285727035,0.005245288996021637,-0.008938178716622364,-0.011985492989080679,0.002503617037970341,false,2.1743105203166246,0.5410945197359158,0.07894406052748297,0.987479631958968,2.759362821405635,0.004272559442892343,3,0.1470324361899388,false,false,false,false,false,2.085986557206872,0.5369800137462778,0.08038579667917004,1.0076401110599813,2.7240062799552938,0.005604136332998694,4,0.7210517169555286,false,false,false,true,false,false,false,false,true,false,true,0.14103330327631733,0.5844904370280226,away_back_to_back,true,false,flagged
20212022,2021020712,2022-01-20,SEA,SJS,0.5939,0.5053,0.0885,0.5938580764955846,0.16343584551771428,0.1400497539612826,0.23408888655219728,0.0,0.0,0.0,-1.1447060829626285,0.0,0.0,0.0,0.011888951187505787,0.16162650939435905,0.22525438277508122,0.02538197392269552,-0.04553095568521097,0.0026658857210262567,0.0012230399338172752,-0.008938178716622364,0.0039014566419324995,0.002503617037970341,false,2.0396149344996184,0.5433188132540215,0.07214133615811558,1.0199654805946796,2.7080849339770134,0.014690847440799314,3,0.8488160108093527,false,false,false,false,false,2.021883746882568,0.508579162365543,0.07770059944079409,0.981330486544518,2.5594703649693407,0.005999760432114032,2,0.529633192673594,false,false,false,false,false,false,false,false,false,false,false,0.3801115203295623,0.02120079406419991,delta_g_hat,false,false,""
20212022,2021020714,2022-01-21,NYI,ARI,0.5862,0.6861,-0.0999,0.5862081862287061,0.15224365777295573,0.062405583551151445,0.27367694490039707,0.0,0.0,1.0,0.11459013373856511,0.0,0.0,0.0,0.011888951187505787,0.1618759967113973,0.20936696406521726,0.02538197392269552,-0.04553095568521097,-0.010341758568122045,-0.0010187709140140988,-0.008938178716622364,0.0039014566419324995,0.002503617037970341,false,2.0560250469088794,0.5457673055513048,0.07748678700254671,0.9963032775613571,2.669374588148491,0.0037840425203697625,1,0.7044612631419919,false,false,false,false,false,1.9743236006967408,0.5461812803714314,0.07860081407719115,1.0077876797379417,2.6193466979042155,0.013892381631184197,0,0.22295821102511826,false,false,false,false,false,false,false,false,false,false,false,0.3482782629653496,0.7819489258489374,delta_g_hat,true,false,""
20212022,2021020715,2022-01-21,CAR,NYR,0.5354,0.6676,-0.1321,0.5354237638100767,0.007206591049817648,-0.24688434814028737,0.42577993245708345,0.0,0.0,1.0,0.29637294325395297,0.0,0.0,0.0,0.011888951187505787,0.1618759967113973,0.0034854456319608697,0.02538197392269552,-0.04553095568521097,-0.010341758568122045,-0.0013423823637398768,-0.008938178716622364,0.0039014566419324995,0.002503617037970341,false,2.3262477273570497,0.6016744656912602,0.08157164700278581,0.9626528989637693,2.8970979695387933,0.05325264864681127,1,0.7300059792584169,false,false,false,false,false,2.06914841828942,0.5973831898944119,0.07978088759202158,1.02712680528579,2.8208111801026976,0.011669563557780108,1,0.357810867549164,false,false,false,false,false,false,false,false,false,false,false,0.14183731074994324,0.6973501288063867,away_back_to_back,true,false,""
20212022,2021020718,2022-01-21,VAN,FLA,0.4746,0.3319,0.1426,0.4745557550799716,-0.31876505981730574,-0.5973683203983282,-0.17202571153768398,0.0,1.0,2.0,2.4480120394819584,2.0,1.0,0.5,0.011888951187505787,0.1618759967113973,-0.45923446427098963,0.02538197392269552,0.14948643708564552,-0.02334940285727035,-0.005172750312575361,0.05570924060341167,-0.00404201817357409,-0.015270543606371962,false,2.0675944320881188,0.5993220770762072,0.08220890385129341,1.0090052912719871,2.773882088103047,0.00773002349625268,3,0.13286425419621975,false,false,false,false,false,2.3641561202215233,0.6345651639049342,0.08256593362020723,1.0383316525329607,3.199398048731583,0.013579150368363962,1,0.6414428128255111,false,false,false,false,false,false,false,false,false,false,false,-0.10168753324977625,-0.6996041442055029,delta_g_hat,true,false,""
20212022,2021020720,2022-01-21,SEA,STL,0.4423,0.3587,0.0836,0.4423029403839129,-0.12079303692351079,-0.16460202582188943,-0.031695113272867115,1.0,0.0,-3.0,-2.770185730003138,0.0,2.0,0.0,0.011888951187505787,0.1618759967113973,-0.1782112637778183,-0.20940128486223802,-0.04553095568521097,0.04168881858847116,0.004116733933161022,-0.008938178716622364,-0.011985492989080679,0.002503617037970341,false,2.031338454113356,0.5399945141067901,0.07685012420971489,1.0160680278303906,2.690734172058994,0.04424158305095901,2,0.3806878485565872,false,false,false,false,false,2.003678235175722,0.5513695227776837,0.07847939668340263,1.0453501804902392,2.7529580864255334,0.040941044218238756,1,0.2899088647786438,false,false,false,false,false,false,false,false,false,false,false,-0.23183279852122687,-0.5810109816165804,home_back_to_back,true,false,""
20212022,2021020725,2022-01-22,NYR,ARI,0.6552,0.7387,-0.0835,0.6551630505433852,0.38086847655929357,-0.012433337664977007,0.5373891334176277,1.0,1.0,0.0,0.6645274986143923,0.0,0.0,0.0,0.011888951187505787,0.15947778920243533,0.5339021046793798,-0.20940128486223802,0.14948643708564552,0.0026658857210262567,-0.0019977745303641687,-0.008938178716622364,0.0039014566419324995,0.002503617037970341,false,2.130615307081153,0.5825736800761839,0.07946993768957328,1.0302835923138136,2.877230669198507,0.01383091315751546,1,0.878562432537089,false,false,false,false,false,2.024071344583842,0.5597548980342774,0.07671719721105891,1.0066674493612142,2.6782824784875503,0.007388735062360846,1,0.9298058052598058,false,false,false,false,false,false,false,false,false,false,false,0.6419759937493217,1.0392227120081254,delta_g_hat,true,false,sample
20212022,2021020729,2022-01-22,COL,MTL,0.7701,0.8524,-0.0823,0.7701189478951461,0.7337088795228107,0.6484864355994091,0.7427748392818159,0.0,0.0,0.0,0.35787687684958486,1.0,1.0,0.0,0.011888951187505787,0.15947778920243533,1.034762467950516,0.02538197392269552,-0.04553095568521097,0.0026658857210262567,-0.001451872238870427,0.023385530943394652,-0.00404201817357409,0.002503617037970341,false,2.292625182284595,0.6803017326796629,0.07524246854235452,1.0539165479344539,3.2125161541847813,0.00986789318673207,1,0.730568105805188,false,false,false,false,false,2.0041950548736835,0.500143696123073,0.08833718180546585,1.0111316527849192,2.6215367010699935,0.021532814540180578,2,0.34355588950355875,false,false,false,false,false,false,false,false,false,false,false,1.2088759447760686,1.7535499880580903,delta_g_hat,true,false,""
20212022,2021020736,2022-01-23,SEA,FLA,0.4094,0.2764,0.133,0.40942882415973514,-0.3642047017883344,-0.4615030485623248,-0.06412542994650527,0.0,0.0,0.0,-0.1923454105387246,0.0,0.0,0.0,0.011888951187505787,0.1650020922793602,-0.5237364753597622,0.02538197392269552,-0.04553095568521097,0.0026658857210262567,-0.0004723614008112765,-0.008938178716622364,0.0039014566419324995,0.002503617037970341,false,2.001485438150068,0.5657028089892727,0.07906400584160693,1.01847652452265,2.695145797626268,0.001355453314289018,2,0.8033343758546099,false,false,false,false,false,2.1788350124573412,0.596338960625502,0.08151810486993867,1.042761966029191,2.9788498475460576,0.028602562073138715,2,0.8027936476259122,false,false,false,false,false,false,false,false,false,false,false,-0.3664462960826332,-0.9623896616276253,delta_g_hat,true,false,""
20212022,2021020741,2022-01-24,MIN,MTL,0.6715,0.767,-0.0955,0.6714754077263837,0.40423132552143115,0.30066728819433886,0.5179765446623832,0.0,0.0,0.0,-1.1346465148934888,0.0,1.0,0.0,0.011888951187505787,0.1637315269491017,0.5670658946533835,0.02538197392269552,-0.04553095568521097,0.0026658857210262567,0.001205131797095503,-0.008938178716622364,-0.00404201817357409,0.002503617037970341,false,2.1557650787523683,0.5755540313292231,0.07922790540202984,1.0419617231979459,2.928482411382158,0.02748701037134191,0,0.5159617017212007,false,false,false,false,false,1.9415926676292992,0.5025997068533936,0.08459709047567872,1.009858881768526,2.55372050131089,0.04762665998068846,0,0.6260885974587566,false,false,false,false,false,false,false,false,false,false,false,0.7149771780386269,1.1914483478015556,delta_g_hat,true,false,""
20212022,2021020747,2022-01-25,PIT,ARI,0.7257,0.807,-0.0813,0.7256549355554103,0.5721343464099069,0.35870832010861387,0.6775045771077464,0.0,0.0,-1.0,-0.5073068107417381,0.0,0.0,0.0,0.011888951187505787,0.16411575114312218,0.8054058560926024,0.02538197392269552,-0.04553095568521097,0.015673530010174557,0.00008833581582366737,-0.008938178716622364,0.0039014566419324995,0.002503617037970341,false,2.2805722115139933,0.6087130165982596,0.07816558753136185,1.041193729641958,3.089691182269046,0.014252744700394435,1,0.7487174821652026,false,false,false,false,false,1.9595587932490866,0.5343656204875781,0.08049359681174108,1.0069635528598617,2.5923451064482395,0.011818929491074631,0,0.7301777737328939,false,false,false,false,false,false,false,false,false,false,false,0.9729143083405338,1.4306334793650637,delta_g_hat,true,false,""
20212022,2021020751,2022-01-25,SEA,NSH,0.4745,0.3627,0.1118,0.4745001801232863,-0.17852247105574762,-0.27283189040676215,0.12299976049467087,0.0,0.0,-1.0,-3.1735379363914786,0.0,2.0,0.0,0.011888951187505787,0.16411575114312218,-0.2601587536572552,0.02538197392269552,-0.04553095568521097,0.015673530010174557,0.004834785285802113,-0.008938178716622364,-0.011985492989080679,0.002503617037970341,false,1.9741625715808682,0.5703270824400349,0.07784443805601288,1.022469754945585,2.6812572965113377,0.001810406854961838,2,0.7527311772399106,false,false,false,false,false,2.0046475877481873,0.5589848882959304,0.08420023394939011,1.0276541148058418,2.721056179742331,0.0028901732220609835,0,0.8476152091778663,false,false,false,false,false,false,false,false,false,false,false,-0.10208857226702345,-0.5636644560313916,delta_g_hat,true,false,sample
20212022,2021020757,2022-01-27,MTL,ANA,0.5569,0.4245,0.1324,0.5568922315524414,-0.05737848081672453,-0.18642505990516023,0.04606156244842641,0.0,1.0,2.0,1.023181607601419,1.0,0.0,1.0,0.011888951187505787,0.1622742447025716,-0.08819368829169431,0.02538197392269552,0.14948643708564552,-0.02334940285727035,-0.002636253913914317,0.023385530943394652,0.0039014566419324995,-0.03304470425071426,false,2.0042139526887315,0.5061546120864743,0.07771360593613107,1.0120599010416205,2.619294185577698,0.0061211599056171795,1,0.6065012072917026,false,false,false,false,false,1.998341146057394,0.5172309999746837,0.07752538366043497,0.9856450454936342,2.555873732623207,0.00338586104655092,2,0.660730831464449,false,false,false,false,false,false,false,false,false,false,false,0.22859021239017893,-0.30432722241053534,away_back_to_back,true,true,""
20212022,2021020762,2022-01-27,PIT,SEA,0.6493,0.7569,-0.1076,0.6492908373127481,0.34349386619519395,0.0718667995190132,0.4134270439500538,0.0,0.0,0.0,-3.4343065723953683,0.0,3.0,0.0,0.011888951187505787,0.1622742447025716,0.48084848392944646,0.02538197392269552,-0.04553095568521097,0.0026658857210262567,0.005299008039126261,-0.008938178716622364,-0.01992896780458727,0.002503617037970341,false,2.138450750162705,0.5737239303546873,0.0794266698046024,1.0406170023456631,2.9049878289161795,0.007313996552247626,0,0.8015114229905084,false,false,false,false,false,1.958475880683851,0.5383014739976366,0.0763742747804986,1.0162788239278902,2.6150395117777614,0.003270338844664003,0,0.7832336589004563,false,false,false,false,false,false,false,false,false,false,false,0.6159637023683087,1.1357582629930443,delta_g_hat,true,false,sample
20212022,2021020767,2022-01-28,NYR,MIN,0.515,0.4205,0.0945,0.515047983096404,0.08203498904309878,-0.4553723993659675,0.16257443992643905,1.0,0.0,-3.0,-0.8534241876222026,0.0,1.0,0.0,0.011888951187505787,0.16155530937201168,0.10970508002509792,-0.20940128486223802,-0.04553095568521097,0.04168881858847116,0.0007044971921725636,-0.008938178716622364,-0.00404201817357409,0.002503617037970341,false,1.9926985052225754,0.6046822686815467,0.08471094109166659,1.034811646942421,2.775459744845415,0.014315258409331344,2,0.8730068550777105,false,false,false,false,false,2.188125869428176,0.5808102463883306,0.08093019707121878,1.0411426280669962,2.967117302639527,0.0014317083083994937,2,0.47212927305307134,false,false,false,false,false,false,false,false,false,false,false,0.06001800972625295,-0.32072118336680366,home_back_to_back,true,true,""
20212022,2021020771,2022-01-28,ARI,BOS,0.369,0.2628,0.1062,0.36897845613048924,-0.5152843250681978,-0.6743643210955641,-0.4598584009081943,0.0,0.0,1.0,2.003225072983255,2.0,0.0,0.0,0.011888951187505787,0.16155530937201168,-0.7381954612447853,0.02538197392269552,-0.04553095568521097,-0.010341758568122045,-0.004380936414267269,0.05570924060341167,0.0039014566419324995,0.002503617037970341,false,1.9018526661645148,0.5620775160518869,0.08291027373629457,1.0088157266341227,2.5692927051930994,0.00240663402227273,2,0.2416295620528442,false,false,false,false,false,2.2776001744909165,0.6053944500413101,0.08307557134346433,1.0387305486176632,3.0809477218004564,0.010799644237105638,1,0.6290859817735578,false,false,false,false,false,false,false,false,false,false,false,-0.5365092185006859,-1.031465939185213,delta_g_hat,true,false,""
20212022,2021020772,2022-01-29,MTL,EDM,0.4074,0.2952,0.1122,0.40739793804458424,-0.33092330746748827,-0.3960534080596596,-0.2612960806036613,0.0,0.0,0.0,-2.973598801608698,0.0,2.0,1.0,0.011888951187505787,0.15676894933159402,-0.4764932143564794,0.02538197392269552,-0.04553095568521097,0.0026658857210262567,0.004478851776817061,-0.008938178716622364,-0.011985492989080679,-0.03304470425071426,false,2.1142043488146727,0.4946013104982601,0.08264843131894113,1.0106499698394884,2.7201179955214716,0.003304496532052531,3,0.5491239961552562,false,false,false,false,false,2.2008481747115023,0.6536454346862536,0.07518180495757623,1.0147167851900163,2.9727908181048717,0.013263567027567452,1,0.2215441164480128,false,false,false,false,false,false,false,false,false,false,false,-0.3747241313467595,-0.8702609818956523,delta_g_hat,true,false,""
20212022,2021020778,2022-01-29,PHI,LAK,0.4598,0.3765,0.0833,0.45981608960163745,-0.19455549926561655,-0.2141750278983343,-0.17115429175924834,0.0,0.0,2.0,0.0,0.0,0.0,0.0,0.011888951187505787,0.15676894933159402,-0.2829177922086357,0.02538197392269552,-0.04553095568521097,-0.02334940285727035,-0.0008147764912066506,-0.008938178716622364,0.0039014566419324995,0.002503617037970341,false,2.0735373994189983,0.5194159269430644,0.08093325127848951,1.0131722587858218,2.709107703605169,0.013052147523297086,1,0.6730983575514539,false,false,false,false,false,2.2409521712636753,0.5723182267911814,0.07624638284313609,0.9613550971763597,2.777851685692912,0.0009221565748317277,0,0.49911913021805515,false,false,false,false,false,false,false,false,false,false,false,-0.16114782902943403,-0.5044307178801427,delta_g_hat,true,false,""
20212022,2021020800,2022-02-01,NYR,FLA,0.499,0.3846,0.1144,0.4990078448266084,-0.23061147924424963,-0.7635247124723143,-0.01790091570358321,0.0,1.0,1.0,-0.7682041083583853,0.0,0.0,0.0,0.011888951187505787,0.15525942121328826,-0.33409960437786806,0.02538197392269552,0.14948643708564552,-0.010341758568122045,0.0005527876137485643,-0.008938178716622364,0.0039014566419324995,0.002503617037970341,false,2.0263997053472567,0.5951093250056514,0.08508908835507124,1.0338663332841482,2.7982606726623924,0.003674894669337514,1,0.643322282819308,false,false,false,false,false,2.3846774588268693,0.6418469909348216,0.0802421359777816,1.0439271481224288,3.2432379817330625,0.001109794676822845,2,0.7009093238962737,false,false,false,false,false,false,false,false,false,false,false,-0.004000005333346128,-0.47006862973326197,delta_g_hat,true,false,""
20212022,2021020805,2022-02-01,COL,ARI,0.7483,0.8373,-0.089,0.7482637318308,0.6593084835501903,0.6245296031386487,0.7204530403677545,0.0,0.0,-1.0,-0.9462557574140483,0.0,0.0,0.0,0.011888951187505787,0.15525942121328826,0.9291503865636346,0.02538197392269552,-0.04553095568521097,0.015673530010174557,0.0008697568168903559,-0.008938178716622364,0.0039014566419324995,0.002503617037970341,false,2.2828269313838985,0.6625456425014712,0.07775044663703738,1.0486386756377442,3.170163720530594,0.00433879125616906,1,0.6737370410183942,false,false,false,false,false,1.9862871742374546,0.5446724519445473,0.0869498972239885,1.0044099034730305,2.6294542517053383,0.0016110554075630945,2,0.31619539092694476,false,false,false,false,false,false,false,false,false,false,false,1.0895660649450425,1.6382744149853943,delta_g_hat,true,false,""
20212022,2021020777,2022-02-02,NYI,SEA,0.5301,0.6553,-0.1252,0.530087722510426,0.012948420157391291,-0.0595587266098252,0.13329939657720935,1.0,1.0,0.0,-0.28807880010645975,0.0,0.0,0.0,0.011888951187505787,0.15713439853115516,0.011636027562220921,-0.20940128486223802,0.14948643708564552,0.0026658857210262567,-0.00030193592951524085,-0.008938178716622364,0.0039014566419324995,0.002503617037970341,false,1.960098336039664,0.5356215331049184,0.07935530064812722,0.9904588142516716,2.5505058992818093,0.031349521130137184,0,0.7603432001113987,false,false,false,false,false,1.9458167080592703,0.5410660438799431,0.0767749415323302,1.0124806973690446,2.595653929301585,0.009070383160494577,0,0.9258050056249314,false,false,false,false,false,false,false,false,false,false,false,0.12054576188499039,0.6424186725226315,home_back_to_back,true,false,""
20212022,2021020809,2022-02-02,CHI,MIN,0.4904,0.3687,0.1217,0.49039749993221415,-0.13184740461340716,-0.3882187178379235,-0.07239356517299234,0.0,0.0,-1.0,-1.1711590085455312,0.0,1.0,0.0,0.011888951187505787,0.15713439853115516,-0.19390304558735977,0.02538197392269552,-0.04553095568521097,0.015673530010174557,0.0012701316781917433,-0.008938178716622364,-0.00404201817357409,0.002503617037970341,false,1.971131805612574,0.556280166941393,0.08079385699125866,1.0428299346932277,2.7199151148911436,0.0022808527065522055,1,0.8742763389595106,false,false,false,false,false,2.2046867786061357,0.5520210897730825,0.08145442600642581,1.0392188270284433,2.949471690487804,0.024872531297282258,2,0.4642022934830031,false,false,false,false,false,false,false,false,false,false,false,-0.038404719635952086,-0.537797880133481,delta_g_hat,true,false,""
20212022,2021020810,2022-02-02,ARI,CGY,0.3881,0.2679,0.1202,0.38807865148168547,-0.38757892910103725,-0.4761467763747955,-0.3681126169662572,1.0,1.0,0.0,-0.4930160398080884,0.0,1.0,0.0,0.011888951187505787,0.15713439853115516,-0.5569164170123994,-0.20940128486223802,0.14948643708564552,0.0026658857210262567,0.00006289525237398693,-0.008938178716622364,-0.00404201817357409,0.002503617037970341,false,1.9126449703385375,0.5443260273657525,0.0813560618667733,1.00496280200952,2.5509242742031217,1.6915091656799497e-6,2,0.9109703505105761,false,false,false,false,false,2.2831531930100284,0.6058714072447422,0.07988275687306502,0.9834554900699536,2.9197882398764463,0.003286885033431164,0,0.364270565280168,false,false,false,false,false,false,false,false,false,false,false,-0.4553058320936342,-1.0053033401020337,delta_g_hat,true,false,""
20212022,2021020531,2022-02-08,WPG,MIN,0.4953,0.4018,0.0935,0.4953098960688625,-0.1199757048139551,-0.3878771170347237,-0.04999375660604999,0.0,0.0,0.0,0.8929474204850621,1.0,0.0,0.5,0.011888951187505787,0.1540458488204208,-0.1770510529463293,0.02538197392269552,-0.04553095568521097,0.0026658857210262567,-0.002404409801652344,0.023385530943394652,0.0039014566419324995,-0.015270543606371962,false,2.073836498973,0.5612312880222184,0.08198725309175964,1.001739591556221,2.721781606092501,0.010711421492903161,3,0.8468996953125253,false,false,false,false,false,2.230968725893464,0.5560814382995517,0.07876234340073998,1.0444678611605909,2.9932490602937194,0.004704559056563732,1,0.5737476662538611,false,false,false,false,false,false,false,false,false,false,false,-0.01880055375202451,-0.3979706938150137,delta_g_hat,true,false,""
20212022,2021020699,2022-02-09,EDM,CHI,0.5155,0.6178,-0.1023,0.5154663245002934,0.10030302232187661,0.06765411467046922,0.2778229423399745,1.0,0.0,-3.0,-2.3067499144516916,0.0,1.0,0.5,0.011888951187505787,0.15271151458744545,0.13563672987984524,-0.20940128486223802,-0.04553095568521097,0.04168881858847116,0.0032917211801660445,-0.008938178716622364,-0.00404201817357409,-0.015270543606371962,false,2.3059431668674923,0.6143374166552159,0.07902016386627685,1.0175184558045096,3.051843864976552,0.006129978407257819,0,0.14657476318946988,false,false,false,false,false,2.14269083602328,0.553544000404142,0.07795623331873769,1.0406676279424225,2.8870108400117873,0.017263131028368295,3,0.8240856099742867,false,false,false,false,false,false,false,false,false,false,false,0.06201987212619362,0.4802207486783088,home_back_to_back,true,false,""
20212022,2021020494,2022-02-10,BOS,CAR,0.5623,0.4087,0.1536,0.562269536767605,0.08110911188045519,-0.012013897705603238,0.34824814666857495,0.0,0.0,0.0,-0.5082358357208107,0.0,0.0,0.0,0.011888951187505787,0.1505855781604244,0.108390788441336,0.02538197392269552,-0.04553095568521097,0.0026658857210262567,0.00008998967473975854,-0.008938178716622364,0.0039014566419324995,0.002503617037970341,false,2.2237596506262003,0.5992125280525729,0.08525911724851698,1.033487035220824,3.00561933976431,0.019523506409696384,3,0.645836862027524,false,false,false,false,false,2.1792967108327232,0.613055755067769,0.08545364191839229,0.9597683234333518,2.7620271432675905,0.007677377227914367,2,0.7893959952202982,false,false,false,false,false,false,false,false,false,false,false,0.2505017711013065,-0.3693421122565524,delta_g_hat,true,true,""
20212022,2021020519,2022-02-11,ARI,TBL,0.3589,0.2628,0.0961,0.3588504416252198,-0.652453504897334,-0.768522032808888,-0.5782710896079402,0.0,1.0,1.0,0.8338348480465382,1.0,0.0,0.0,0.011888951187505787,0.1475446858775229,-0.9329084381651995,0.02538197392269552,0.14948643708564552,-0.010341758568122045,-0.002299177049914994,0.023385530943394652,0.0039014566419324995,0.002503617037970341,false,1.9707789073313415,0.5392077990085115,0.08275484611646261,1.00329320966422,2.6012799939936895,0.0018494101035538835,1,0.8337541871821382,false,false,false,false,false,2.333031031891904,0.5926809473608489,0.07973205266909017,1.0676296024056948,3.208701016853286,0.02133758165741928,0,0.4417283225675896,false,false,false,false,false,false,false,false,false,false,false,-0.58014165283965,-1.031465939185213,delta_g_hat,true,false,""
20212022,2021021033,2022-02-11,ANA,SEA,0.5003,0.5967,-0.0964,0.5002849374993371,-0.1401393801704536,-0.310599394059917,-0.0048148463372976735,0.0,0.0,2.0,1.5862081947934812,3.0,0.0,0.0,0.011888951187505787,0.1475446858775229,-0.20567358505748698,0.02538197392269552,-0.04553095568521097,-0.02334940285727035,-0.0036385590856800615,0.08803295026342868,0.0039014566419324995,0.002503617037970341,false,1.9167780231892912,0.4775822916725608,0.08100289763072113,0.9909076662491606,2.452856384010041,0.02521367158585361,2,0.6422805915464034,false,false,false,false,false,2.034495817208653,0.5559638175853927,0.07173760023750253,1.0120306322734605,2.6942251510056363,0.008649019866940263,2,0.15800847757457534,false,false,false,false,false,false,false,false,false,false,false,0.001200000143999948,0.39173377264871384,delta_g_hat,true,false,""
20212022,2021020817,2022-02-13,NJD,PIT,0.3999,0.3017,0.0982,0.39985823445824076,-0.40136040764652486,-0.4772896413177721,-0.3644048142792631,0.0,0.0,0.0,0.8626674302281021,1.0,0.0,0.0,0.011888951187505787,0.14850241673582198,-0.5764793590471866,0.02538197392269552,-0.04553095568521097,0.0026658857210262567,-0.002350505081118757,0.023385530943394652,0.0039014566419324995,0.002503617037970341,false,2.0884911273471207,0.49045363441169226,0.07760602947992483,0.9965921424874273,2.647497644667284,0.001442234575422932,2,0.6635661205800192,false,false,false,false,false,2.24534528828304,0.5696995931380306,0.07608352654254924,1.0249441382974835,2.963245114807648,0.000414678599861551,1,0.7759914987613717,false,false,false,false,false,false,false,false,false,false,false,-0.4058817921426946,-0.8392156636869741,delta_g_hat,true,false,""
20212022,2021020488,2022-02-14,SEA,TOR,0.3937,0.2903,0.1034,0.39366401508520144,-0.38469094784651786,-0.5024942681246962,-0.2682736693361445,0.0,0.0,1.0,1.3886833696798995,0.0,0.0,0.0,0.011888951187505787,0.14482302404236824,-0.5528168997005785,0.02538197392269552,-0.04553095568521097,-0.010341758568122045,-0.0032869235532430627,-0.008938178716622364,0.0039014566419324995,0.002503617037970341,false,1.998989756550018,0.5120924808231463,0.07755413031107548,1.0133857177228474,2.623287123389158,0.04256632139202671,1,0.7863597957375509,false,false,false,false,false,2.2374315714638624,0.6117950721246717,0.07769577428338577,1.0205184031899297,2.98697819214746,0.00036677989150424306,0,0.724939157513698,false,false,false,false,false,false,false,false,false,false,false,-0.43178571512799324,-0.8939274745003529,delta_g_hat,true,false,""
20212022,2021020631,2022-02-15,NJD,TBL,0.3352,0.2504,0.0848,0.33522214740920947,-0.5839036042925176,-0.6782189244938235,-0.46918461332176387,0.0,0.0,-2.0,-3.441716156688641,0.0,2.0,0.0,0.011888951187505787,0.1428663890092343,-0.8356011915155616,0.02538197392269552,-0.04553095568521097,0.02868117429932286,0.005312198650061386,-0.008938178716622364,-0.011985492989080679,0.002503617037970341,false,2.121807317929739,0.5156519810851133,0.07971421578931197,0.9854389162057107,2.677608523571477,0.014722998245221053,0,0.6817258329202731,false,false,false,false,false,2.3399165779288045,0.5587763940108522,0.07898867956734414,1.0689451955917646,3.1829784953801594,0.010226247173914307,1,0.8395895094084267,false,false,false,false,false,false,false,false,false,false,false,-0.6847588749333104,-1.0964800916982689,delta_g_hat,true,false,""
20212022,2021020500,2022-02-16,CGY,ANA,0.5855,0.6676,-0.0821,0.5854975555206828,0.30913222485994074,0.2133380426577438,0.46721165444755774,1.0,0.0,-3.0,-1.9407306919088811,0.0,1.0,0.5,0.011888951187505787,0.141468576721543,0.43207180184537425,-0.20940128486223802,-0.04553095568521097,0.04168881858847116,0.00264013035290163,-0.008938178716622364,-0.00404201817357409,-0.015270543606371962,false,2.292601442159422,0.5883443452597058,0.07368873546692994,0.9949450785525206,2.9396990774668574,0.014500766166307494,0,0.9722921985525098,false,false,false,false,false,1.9531491826090461,0.49512524595036894,0.07804352007643148,0.993620741969592,2.5102019145746475,0.034062999727387494,2,0.7562394731668612,false,false,false,false,false,false,false,false,false,false,false,0.3453932084624224,0.6973501288063867,delta_g_hat,true,false,""
20212022,2021020621,2022-02-17,WPG,SEA,0.467,0.5512,-0.0842,0.4670115493009015,-0.02601520626147341,-0.1604082343250548,0.13905816062231446,1.0,0.0,-2.0,-1.8562223885595293,0.0,2.0,0.0,0.011888951187505787,0.1412285095358153,-0.043673216840074046,-0.20940128486223802,-0.04553095568521097,0.02868117429932286,0.0024896878845865242,-0.008938178716622364,-0.011985492989080679,0.002503617037970341,false,2.0432158558954283,0.5449561651825771,0.0805707863307531,0.9995820486657319,2.6676274027915836,0.0004375528054993,1,0.4616856491804908,false,false,false,false,false,2.0898841391959713,0.5356408141313787,0.07469483817378111,1.0103597024955753,2.728193265213747,0.000481906467471295,2,0.7520274949986459,false,false,false,false,false,false,false,false,false,false,false,-0.13219216649694704,0.20552036549096234,home_back_to_back,true,true,""
20212022,2021020518,2022-02-19,CGY,SEA,0.6014,0.726,-0.1245,0.6014177278133551,0.22906777244109577,0.13264774690741454,0.31376495779822866,0.0,0.0,1.0,-1.2008531157407127,0.0,1.0,0.5,0.011888951187505787,0.1387050853121776,0.3184195375729246,0.02538197392269552,-0.04553095568521097,-0.010341758568122045,0.0013229934042447333,-0.008938178716622364,-0.00404201817357409,-0.015270543606371962,false,2.163885572137166,0.5722617919836215,0.08038190845258354,0.9964849283074825,2.8066289702562015,0.00033126648283643423,0,0.8232138143174759,false,false,false,false,false,1.9434104002310517,0.53274232787845,0.07762517926975585,1.0135960370174129,2.588499166342237,0.006430855089431746,2,0.7922613089885564,false,false,false,false,false,false,false,false,false,false,false,0.4113018627757345,0.9744219084367257,delta_g_hat,true,false,""
20212022,2021020533,2022-02-19,ARI,LAK,0.473,0.3765,0.0965,0.4730111262724633,-0.26758749537177934,-0.32087766688449726,-0.2312796164947386,0.0,1.0,3.0,-0.39064612934906967,0.0,1.0,0.0,0.011888951187505787,0.1387050853121776,-0.3865874167553776,0.02538197392269552,0.14948643708564552,-0.03635704714641865,-0.0001193446151924611,-0.008938178716622364,-0.00404201817357409,0.002503617037970341,false,2.024867466456002,0.5327558574439601,0.08214879615187701,1.0027781203376267,2.6471057246652547,0.0030004623488190663,3,0.764728677568017,false,false,false,false,false,2.2496614082211597,0.5787409570965416,0.0776700821149347,0.9632091163532185,2.799155474150024,0.006978812480735664,0,0.8351287155006758,false,false,false,false,false,false,false,false,false,false,false,-0.10810516004942944,-0.5044307178801427,delta_g_hat,true,false,""
20212022,2021020498,2022-02-20,CHI,FLA,0.3709,0.2903,0.0807,0.3709211366817134,-0.4579482207200645,-0.6261818547244853,-0.21825750066877436,0.0,0.0,0.0,-0.5549875109114456,0.0,0.0,0.0,0.011888951187505787,0.13408627395658868,-0.6568063067965996,0.02538197392269552,-0.04553095568521097,0.0026658857210262567,0.00017321744212812296,-0.008938178716622364,0.0039014566419324995,0.002503617037970341,false,1.9624649270652126,0.5538177601090322,0.08151802355174592,1.0356428995321898,2.6903938604630486,0.014064062259128568,0,0.8344585636692643,false,false,false,false,false,2.3759031626450144,0.6064478917446666,0.08260879697678414,1.026745900729815,3.146934963291981,0.01852820002392025,0,0.8729238899497517,false,false,false,false,false,false,false,false,false,false,false,-0.5283577420804387,-0.8939274745003529,delta_g_hat,true,false,""
20212022,2021020515,2022-02-20,CBJ,BUF,0.6872,0.5844,0.1028,0.6872016251935533,0.3298540077568512,0.1236021848786879,0.3620468494002962,0.0,1.0,2.0,-0.026097598492244686,1.0,0.0,0.0,0.011888951187505787,0.13408627395658868,0.4614865730059359,0.02538197392269552,0.14948643708564552,-0.02334940285727035,-0.000768317303426732,0.023385530943394652,0.0039014566419324995,0.002503617037970341,false,2.2747659102608497,0.5265713097293734,0.07506148501330069,1.0344296793503505,2.9754321901005585,0.0005309335821199468,1,0.15401738961118328,false,false,false,false,false,2.205281199238172,0.4887954430209552,0.07578840368740974,0.9895756562662748,2.7409910206115597,0.021214438043477613,1,0.8166659014466556,false,false,false,false,false,false,false,false,false,false,false,0.7870613619988897,0.34086242065147215,delta_g_hat,false,false,""
20212022,2021020534,2022-02-21,VAN,SEA,0.5278,0.628,-0.1002,0.5277730397966118,0.0023933439205435316,-0.20042938824587075,0.08508532288847004,0.0,0.0,0.0,-0.673727494123992,0.0,1.0,0.0,0.011888951187505787,0.13028060566215505,-0.003347005202563471,0.02538197392269552,-0.04553095568521097,0.0026658857210262567,0.0003845994656003368,-0.008938178716622364,-0.00404201817357409,0.002503617037970341,false,2.0272550122062056,0.5542539386022459,0.08112452068253913,1.015693886534203,2.704420539074741,0.0043170197356094675,1,0.7665023069933318,false,false,false,false,false,2.104107669345739,0.5541172231183994,0.0785897658662536,1.0144105857512835,2.776253760649632,0.002268052434864311,2,0.19650519183316267,false,false,false,false,false,false,false,false,false,false,false,0.11131479941781137,0.5236463121950522,away_back_to_back,true,false,""
20212022,2021020564,2022-02-21,CGY,WPG,0.5894,0.6861,-0.0967,0.5893970875583227,0.19158284681963253,0.09890437536834362,0.3691780115439265,0.0,0.0,0.0,-1.2008531157407127,0.0,1.0,0.5,0.011888951187505787,0.13028060566215505,0.2652093232486346,0.02538197392269552,-0.04553095568521097,0.0026658857210262567,0.0013229934042447333,-0.008938178716622364,-0.00404201817357409,-0.015270543606371962,false,2.3222276103607613,0.587597049241371,0.07689079852031282,0.9967553535155976,2.9770246223113377,0.0098937993709928,0,0.8351259596202143,false,false,false,false,false,2.0391855967057566,0.5562525142461974,0.07975232391844832,1.007888999301253,2.6962950103418133,0.0039771157675806,1,0.804724891534619,false,false,false,false,false,false,false,false,false,false,false,0.36148556571876134,0.7819489258489374,delta_g_hat,true,false,""
20212022,2021020639,2022-02-21,PHI,CAR,0.4122,0.3017,0.1105,0.41216172059655753,-0.44127019212453394,-0.4888106154830334,-0.4282627330808695,0.0,1.0,3.0,-0.4136074502295421,0.0,0.0,0.0,0.011888951187505787,0.13028060566215505,-0.6331316839619023,0.02538197392269552,0.14948643708564552,-0.03635704714641865,-0.00007846865801280566,-0.008938178716622364,0.0039014566419324995,0.002503617037970341,false,2.018168781291784,0.5326489318956809,0.07964499090812097,1.009106638303945,2.654417376513802,0.008018288220615843,2,0.26878358304821315,false,false,false,false,false,2.3443621947104734,0.5839236279917075,0.0807053031870209,0.9669128642885672,2.9094322281524088,0.011690705930171519,2,0.9492290993868547,false,false,false,false,false,false,false,false,false,false,false,-0.35487808552845823,-0.8392156636869741,delta_g_hat,true,false,""
20212022,2021020511,2022-02-22,FLA,NSH,0.6071,0.712,-0.1049,0.607077945843249,0.18760477408807885,-0.09476690958210421,0.46322174727407095,0.0,0.0,-2.0,0.7896967708624738,1.0,0.0,0.0,0.011888951187505787,0.1325201395647256,0.2595624105461486,0.02538197392269552,-0.04553095568521097,0.02868117429932286,-0.002220602034028058,0.023385530943394652,0.0039014566419324995,0.002503617037970341,false,2.303131917850424,0.6374868090555934,0.0818403388290836,1.0254655062513245,3.099427515967951,0.002336649200944202,1,0.8608659359584543,false,false,false,false,false,2.0898734097809903,0.5801942926727308,0.08713656116797289,1.0323110370755,2.8462923928083015,0.0021857123994379613,2,0.20523716215160823,false,false,false,false,false,false,false,false,false,false,false,0.43513839557197415,0.9051174312760297,delta_g_hat,true,false,""
20212022,2021020816,2022-02-24,FLA,CBJ,0.7227,0.8045,-0.0818,0.722660018843169,0.5933349002956377,0.30698916722329495,0.6994414658502115,0.0,0.0,0.0,-1.5556683679134105,0.0,0.0,0.0,0.011888951187505787,0.13274702994824086,0.835500247300557,0.02538197392269552,-0.04553095568521097,0.0026658857210262567,0.0019546388191578777,-0.008938178716622364,0.0039014566419324995,0.002503617037970341,false,2.453129278037579,0.5963245948406563,0.08038121055272998,1.0259754510435783,3.2111339614151,0.002098492915943967,2,0.11477062843007174,false,false,false,false,false,2.0451049470478213,0.5525370646688887,0.08115016497427788,1.0354889972254562,2.7738598248171478,0.003145490591544592,1,0.5380472923599445,false,false,false,false,false,false,false,false,false,false,false,0.9578942456672032,1.4146605870070175,delta_g_hat,true,false,""
20212022,2021020822,2022-02-24,SEA,BOS,0.4521,0.3258,0.1263,0.45207215265738104,-0.21590364203689613,-0.32981954309770156,-0.09183990030014533,0.0,0.0,-1.0,-4.000785825661456,0.0,3.0,0.0,0.011888951187505787,0.13274702994824086,-0.3132216872665176,0.02538197392269552,-0.04553095568521097,0.015673530010174557,0.00630745967917805,-0.008938178716622364,-0.01992896780458727,0.002503617037970341,false,1.883700315414619,0.5408166521429532,0.07736307494582656,1.0186593668163275,2.548563539946919,0.0030858928446078765,2,0.7067437743577437,false,false,false,false,false,2.1535007908272683,0.5559003657297642,0.08333880969176487,0.9999882511180516,2.792707154676621,0.027694896243904726,1,0.546056385607217,false,false,false,false,false,false,false,false,false,false,false,-0.19218939424381065,-0.7272431066320157,delta_g_hat,true,false,""
20212022,2021020824,2022-02-25,CHI,NJD,0.5738,0.4928,0.081,0.5738187820307143,0.021374913104922844,-0.14888057519381892,0.08552768192228344,0.0,1.0,3.0,-0.6627554979007191,0.0,1.0,0.0,0.011888951187505787,0.1339681505177282,0.02359751576865716,0.02538197392269552,0.14948643708564552,-0.03635704714641865,0.0003650670157847311,-0.008938178716622364,-0.00404201817357409,0.002503617037970341,false,2.0689348890566674,0.5127647207493043,0.07629883571806934,1.0347858113815567,2.7504590781025113,0.003113497596160114,2,0.0,false,false,false,false,true,2.277872416162484,0.5010813643779546,0.07937998883105017,0.9974108943875013,2.8509332413668145,0.0691382334979847,0,0.8904303764957784,false,false,false,false,false,false,false,false,false,true,true,0.2973721838827475,-0.028801990903706078,away_back_to_back,false,true,flagged
20212022,2021020830,2022-02-26,OTT,MTL,0.5143,0.6017,-0.0874,0.5142879759842736,-0.023659314702990597,-0.15560396566248746,0.09711489523008376,0.0,0.0,1.0,-0.18541743016971296,0.0,0.0,0.5,0.011888951187505787,0.13695101344918664,-0.040329005996025354,0.02538197392269552,-0.04553095568521097,-0.010341758568122045,-0.0004846946559571532,-0.008938178716622364,0.0039014566419324995,-0.015270543606371962,false,2.0852841207240598,0.5432412591246596,0.08020707733168604,0.948942909626966,2.570432459317775,0.013957086401295782,3,0.03535328495769348,false,false,false,false,true,2.060118587030553,0.481328003541425,0.08325346443970172,0.9940559064811729,2.60909859242582,0.006565795845952932,2,0.2620397847405679,false,false,false,false,false,false,false,false,false,true,true,0.05721560342917124,0.41255349203870756,away_back_to_back,true,false,flagged
20212022,2021020837,2022-02-26,LAK,NYI,0.4632,0.5595,-0.0963,0.4631938932481905,-0.03368136802017386,-0.06281882686463103,0.044016633323276544,1.0,0.0,-1.0,-0.44682503254205497,0.0,0.0,0.0,0.011888951187505787,0.13695101344918664,-0.05455540757307526,-0.20940128486223802,-0.04553095568521097,0.015673530010174557,-0.000019334408755712375,-0.008938178716622364,0.0039014566419324995,0.002503617037970341,false,2.10882738139972,0.5564416413053032,0.08038235000486733,0.9628705482981835,2.6437068426768326,0.0006817638769608669,0,0.8476851926096381,false,false,false,false,false,2.055140034481115,0.543719224920182,0.07962097600041691,0.9903276190923369,2.6525729543112613,0.0045331365446952265,0,0.21011269950816416,false,false,false,false,false,false,false,false,false,false,false,-0.14746665939868644,0.23913308237574568,home_back_to_back,true,true,sample
20212022,2021020846,2022-02-27,SJS,SEA,0.4322,0.5293,-0.0971,0.4322277315834382,-0.13107835872199336,-0.1750322065005645,-0.11204853305175533,1.0,0.0,-2.0,-1.1447060829626285,0.0,0.0,0.0,0.011888951187505787,0.13561699760443516,-0.1928113775093548,-0.20940128486223802,-0.04553095568521097,0.02868117429932286,0.0012230399338172752,-0.008938178716622364,0.0039014566419324995,0.002503617037970341,false,1.9617999828148227,0.4853000571046995,0.07837544686872065,0.9883566200417457,2.49607041612031,0.0006356846336985911,2,0.45712860630163005,false,false,false,false,false,2.014729117807718,0.5146055812882172,0.07280603024743158,1.0058546922630895,2.617375462538923,0.0034969316558636776,0,0.7113725038152536,false,false,false,false,false,false,false,false,false,false,false,-0.2728807999660854,0.1173344304568452,home_back_to_back,false,true,""
20212022,2021020863,2022-03-02,SEA,NSH,0.446,0.3641,0.0818,0.44596852067426407,-0.2386827787995586,-0.2923816541672175,0.03578961814197479,0.0,0.0,-1.0,-2.0289052640389813,0.0,2.0,0.0,0.011888951187505787,0.13614605656707005,-0.3455568921300312,0.02538197392269552,-0.04553095568521097,0.015673530010174557,0.002797099547029727,-0.008938178716622364,-0.011985492989080679,0.002503617037970341,false,1.9956625426726768,0.5387325238834206,0.0769036541853271,1.0038148875815156,2.6212605318028084,0.00469230953635999,1,0.2188079436832424,false,false,false,false,false,2.0166089382823102,0.5382213057430955,0.08348821941702696,1.0349519022759772,2.7305327125495786,0.012089043677353375,1,0.8507342046002205,false,false,false,false,false,false,false,false,false,false,false,-0.21684573472721988,-0.5576127630919744,delta_g_hat,true,false,""
20212022,2021020892,2022-03-06,CAR,SEA,0.6426,0.7387,-0.0961,0.6426067631341221,0.1998811880208706,0.14167469681127232,0.23608301217377603,0.0,1.0,1.0,-0.37551517952172786,0.0,0.0,0.0,0.011888951187505787,0.13611446302703634,0.27698889881223493,0.02538197392269552,0.14948643708564552,-0.010341758568122045,-0.0001462808729299652,-0.008938178716622364,0.0039014566419324995,0.002503617037970341,false,2.1616200285588,0.5593102738728961,0.08497387636648408,0.9608494018347945,2.6960513518039813,0.0006312612998699563,0,0.228304039508595,false,false,false,false,false,1.963033041786264,0.5414891230270579,0.07805971099664846,1.0154537771543177,2.6224925206015173,0.02620233108779036,0,0.9249920020215836,false,false,false,false,false,false,false,false,false,false,false,0.5866668439564302,1.0392227120081254,delta_g_hat,true,false,""
20212022,2021020898,2022-03-07,BOS,LAK,0.715,0.628,0.087,0.7149877301151105,0.43846615684068235,0.27196632815102717,0.52365365343499,0.0,1.0,1.0,0.39206114966516875,0.0,0.0,0.0,0.011888951187505787,0.1356759784899224,0.6156625686937405,0.02538197392269552,0.14948643708564552,-0.010341758568122045,-0.001512727399560064,-0.008938178716622364,0.0039014566419324995,0.002503617037970341,false,2.2530707488458654,0.575593863285969,0.08449863744202576,1.0350713015101236,3.0153316762478766,0.003990501232022214,1,0.3980189510522261,false,false,false,false,false,1.9951419680081126,0.5668834606953704,0.08038147024814152,0.9664722689015429,2.5538129909908664,0.0063432302678883105,1,0.14773336691088235,false,false,false,false,false,false,false,false,false,false,false,0.919793362425357,0.5236463121950522,delta_g_hat,false,false,""
20212022,2021020902,2022-03-08,TOR,SEA,0.6148,0.7164,-0.1016,0.6148240269544237,0.4027393835821752,0.2997159948190844,0.4256512027535271,1.0,0.0,-1.0,-0.36646578538069075,0.0,0.0,0.0,0.011888951187505787,0.13298867442805476,0.5649480686465007,-0.20940128486223802,-0.04553095568521097,0.015673530010174557,-0.00016239068862116277,-0.008938178716622364,0.0039014566419324995,0.002503617037970341,false,2.197892515509302,0.6070051043987866,0.078254682535943,1.0331881936475487,2.9788389193729197,0.010418896027551,1,0.9131950352862925,false,false,false,false,false,1.969649222383277,0.5046051025439191,0.07851471079857883,1.0151507017741392,2.5914452780843136,0.0005690044712832812,0,0.7013796722669121,false,false,false,false,false,false,false,false,false,false,false,0.4675343317404704,0.9266738755285844,delta_g_hat,true,false,""
20212022,2021020910,2022-03-08,MIN,NYR,0.5265,0.6178,-0.0914,0.5264533522282563,-0.007826268113217084,-0.11036727583144623,0.26280395956783975,0.0,0.0,0.0,-0.628446010365578,0.0,0.0,0.0,0.011888951187505787,0.13298867442805476,-0.017853843287794508,0.02538197392269552,-0.04553095568521097,0.0026658857210262567,0.0003039889466857075,-0.008938178716622364,0.0039014566419324995,0.002503617037970341,false,2.1919929321403453,0.5726902099965355,0.07925788185612019,1.0556822883560282,3.0022981681585175,0.024900383898549615,1,0.6017249668240396,false,false,false,false,false,1.9556486835858333,0.5682766464554796,0.08582032249628559,1.0321889439503829,2.6937506090718863,0.03242796251731428,1,0.1933746171251038,false,false,false,false,false,false,false,false,false,false,false,0.10609941894789715,0.4802207486783088,away_back_to_back,true,false,""
20212022,2021020918,2022-03-10,OTT,SEA,0.4314,0.5674,-0.136,0.4313994092268582,-0.301026835751078,-0.40125114364400405,-0.27870781421843116,0.0,0.0,0.0,1.0610672581445708,1.0,0.0,0.0,0.011888951187505787,0.1363012484888218,-0.43405488371565776,0.02538197392269552,-0.04553095568521097,0.0026658857210262567,-0.002703698301690906,0.023385530943394652,0.0039014566419324995,0.002503617037970341,false,1.9490833333361322,0.5346992409473049,0.08339743154757015,0.9608637183266044,2.466710126016496,0.010579090232828464,0,0.757534146475827,false,false,false,false,false,2.0833314493795756,0.5515139189082905,0.08042304617597418,1.0174929518460198,2.7627664740870754,0.004641918050688934,2,0.29402212832781,false,false,false,false,false,false,false,false,false,false,false,-0.27614146526184336,0.27125100885579256,delta_g_hat,false,true,""
20212022,2021020933,2022-03-12,MTL,SEA,0.412,0.52,-0.1079,0.41202820441769383,-0.39370643874656286,-0.4676061919582293,-0.1715150383858064,0.0,0.0,1.0,3.5002973544719693,3.0,0.0,0.0,0.011888951187505787,0.14094998144635815,-0.5656144761950453,0.02538197392269552,-0.04553095568521097,-0.010341758568122045,-0.007046038426104261,0.08803295026342868,0.0039014566419324995,0.002503617037970341,false,1.9161638933472274,0.47492794885471057,0.08303444235350584,0.9902794173911259,2.450076335621636,0.010789157196261445,2,0.7996466801200071,false,false,false,false,false,2.057275437204798,0.5496356523911077,0.07777088810179945,1.0167174107908163,2.7295629091615785,0.02335529156592657,2,0.7075357399504462,false,false,false,false,false,false,false,false,false,false,false,-0.35570359854910066,0.08004270767353656,delta_g_hat,false,true,""
20212022,2021020936,2022-03-12,CAR,PHI,0.6575,0.767,-0.1095,0.6574547336511748,0.37155172390245217,0.1368985977933681,0.4324609900298495,0.0,0.0,0.0,-1.083262846011194,0.0,0.0,0.0,0.011888951187505787,0.14094998144635815,0.5206768842085387,0.02538197392269552,-0.04553095568521097,0.0026658857210262567,0.0011136581114177533,-0.008938178716622364,0.0039014566419324995,0.002503617037970341,false,2.3454120466536343,0.5635192836453485,0.08200898755458083,0.9583347354183531,2.86632199816228,0.0035452396013002097,1,0.09273151510065551,false,false,false,false,true,1.998444854723475,0.5371541447485993,0.07879169882510383,1.022494883925774,2.673201113591996,0.01884215786085469,1,0.3710316679980712,false,false,false,false,false,false,false,false,false,true,true,0.6521731063496395,1.1914483478015556,delta_g_hat,true,false,flagged
20212022,2021020967,2022-03-16,SEA,TBL,0.4078,0.2628,0.145,0.4077954404872771,-0.40778705169501867,-0.4520322671904671,-0.28078094995367264,0.0,0.0,1.0,3.4831440862575413,3.0,0.0,0.0,0.011888951187505787,0.14316596182494917,-0.5856020424068803,0.02538197392269552,-0.04553095568521097,-0.010341758568122045,-0.00701550201834819,0.08803295026342868,0.0039014566419324995,0.002503617037970341,false,1.9866079984083074,0.5468872524279671,0.08124572891788573,1.0158278415425515,2.656126685656525,0.030533577708748705,2,0.6509591108718996,false,false,false,false,false,2.1870942112199203,0.5678973649825285,0.08342428032112305,1.0686127482496663,3.033167369115085,0.0037552870829588997,1,0.7809718509707936,false,false,false,false,false,false,false,false,false,false,false,-0.37306755752713616,-1.031465939185213,delta_g_hat,true,false,sample
20212022,2021020968,2022-03-17,TOR,CAR,0.5423,0.4611,0.0812,0.5422704816908722,0.011132875335219198,-0.047437590772026805,0.2885248571106751,0.0,0.0,-2.0,-0.35979689528381953,0.0,0.0,0.0,0.011888951187505787,0.14294158950338184,0.00905884413444276,0.02538197392269552,-0.04553095568521097,0.02868117429932286,-0.00017426270885268912,-0.008938178716622364,0.0039014566419324995,0.002503617037970341,false,2.2044212303268815,0.6163416396375567,0.07752889248224117,1.0018008757246444,2.9035112257246065,0.029742229495484718,0,0.2406325989940388,false,false,false,false,false,2.2179575096892425,0.5436365307963986,0.08499145450740479,0.9532593357957566,2.7135341982429058,0.006424197656191566,1,0.6360622492153055,false,false,false,false,false,false,false,false,false,false,false,0.16960540618741865,-0.155915085726791,away_back_to_back,false,true,""
20212022,2021020981,2022-03-18,ANA,FLA,0.4116,0.3141,0.0975,0.41162158182178,-0.524213032406969,-0.6225262233614473,-0.27535617174369253,0.0,1.0,2.0,3.562471809162136,3.0,0.0,0.0,0.011888951187505787,0.14238372872093613,-0.7508698476349999,0.02538197392269552,0.14948643708564552,-0.02334940285727035,-0.007156721969129221,0.08803295026342868,0.0039014566419324995,0.002503617037970341,false,1.9163649157390357,0.5108646641575184,0.08467068204416767,1.0065303707193163,2.5283039018611424,0.018586439302909208,2,0.6905624091388336,false,false,false,false,false,2.2684625325069447,0.6360811953830733,0.07996617786049323,1.0274848488062018,3.0665387092706755,0.0018489197485959674,1,0.08809640484882617,false,false,false,false,true,false,false,false,false,true,true,-0.3573549847673879,-0.7810204379606749,delta_g_hat,true,false,flagged
20212022,2021020989,2022-03-19,EDM,NJD,0.5838,0.6676,-0.0837,0.5838381966675343,0.1422888943165585,0.11126063592721236,0.19868639055141823,0.0,0.0,-1.0,-0.28156831484753003,0.0,0.0,0.0,0.011888951187505787,0.1389313717583565,0.19523608109611215,0.02538197392269552,-0.04553095568521097,0.015673530010174557,-0.00031352595597966413,-0.008938178716622364,0.0039014566419324995,0.002503617037970341,false,2.288570977872656,0.5968558467142104,0.08087326306219313,1.0097394165187905,2.995190119722399,0.02511452312463213,0,0.7236077880278919,false,false,false,false,false,2.3162862960283737,0.537576480429918,0.08084175145204872,0.9931251091943568,2.91452875473413,0.0009116807236890598,1,0.33336927323801424,false,false,false,false,false,false,false,false,false,false,false,0.33839254446048017,0.6973501288063867,delta_g_hat,true,false,""
20212022,2021021044,2022-03-26,LAK,SEA,0.4955,0.6366,-0.1411,0.4955038740721563,-0.12254487470680725,-0.1701282077701376,-0.09473052704134455,0.0,0.0,-2.0,-0.5578727539001308,0.0,0.0,0.0,0.011888951187505787,0.14463952434185134,-0.18069801444799222,0.02538197392269552,-0.04553095568521097,0.02868117429932286,0.000178353778555471,-0.008938178716622364,0.0039014566419324995,0.002503617037970341,false,2.04868674736942,0.5133156840385796,0.08242511691103281,0.9609277450860482,2.5411038010496343,0.013991542038922646,1,0.479900638528006,false,false,false,false,false,2.095764593123798,0.5424833857677952,0.07963572624363746,1.0023104727627712,2.7241633014083253,0.010275497132205809,2,0.749941586580184,false,false,false,false,false,false,false,false,false,false,false,-0.018000486023620896,0.5606373588859219,delta_g_hat,true,true,""
20212022,2021021045,2022-03-26,SJS,ANA,0.5285,0.7279,-0.1994,0.5285394924907912,-0.04042918395547417,-0.1941261321277894,0.061713364617978606,0.0,0.0,-1.0,1.3804690758290548,1.0,0.0,0.0,0.011888951187505787,0.14463952434185134,-0.06413399753118369,0.02538197392269552,-0.04553095568521097,0.015673530010174557,-0.0032723003908624614,0.023385530943394652,0.0039014566419324995,0.002503617037970341,false,2.031938556912624,0.5295820745787239,0.07509684721995066,0.9780344962396905,2.5787028475681675,0.012858316156877991,1,0.7183300389413606,false,false,false,false,false,1.9989718287574698,0.4723192328446254,0.07836773233143696,0.9919044833175571,2.529017988632706,0.004617571236660123,3,0.13624348886698512,false,false,false,false,false,false,false,false,false,false,false,0.11412370323677999,0.9839940303350116,delta_g_hat,true,false,""
20212022,2021021055,2022-03-28,CHI,BUF,0.6824,0.6017,0.0807,0.6824112640632027,0.27793018048860196,0.2227061542758002,0.4877194529248583,0.0,1.0,1.0,1.3023952475373057,2.0,1.0,0.0,0.011888951187505787,0.1511372558851732,0.38778019819859255,0.02538197392269552,0.14948643708564552,-0.010341758568122045,-0.003133312634943794,0.05570924060341167,-0.00404201817357409,0.002503617037970341,false,2.2157911112814874,0.5393184996588036,0.07748944206938042,1.0394503121111025,2.9443459697365166,0.009908001129593696,2,0.5798748784229402,false,false,false,false,false,2.122645332959409,0.5084247186876838,0.07635127684150492,0.9866008176038289,2.671144096284895,0.018060712075956498,0,0.7869194904289554,false,false,false,false,false,false,false,false,false,false,false,0.7648232668044888,0.41255349203870756,delta_g_hat,false,false,""
20212022,2021021058,2022-03-28,LAK,SEA,0.4934,0.6615,-0.1681,0.49340814441421377,-0.11400446281065428,-0.16299394477792273,-0.08219611379404013,0.0,0.0,0.0,0.0,0.0,0.0,0.0,0.011888951187505787,0.1511372558851732,-0.16857481719261844,0.02538197392269552,-0.04553095568521097,0.0026658857210262567,-0.0008147764912066506,-0.008938178716622364,0.0039014566419324995,0.002503617037970341,false,2.07063136013317,0.5155744702749047,0.07968731785644914,0.9597969533350956,2.558716121621196,0.017563144991860992,1,0.4359907845006915,false,false,false,false,false,2.0991381867844243,0.5277600431153154,0.07916126422935937,1.0105256592138498,2.7345425541767048,0.03613416409498475,0,0.24616052284186365,false,false,false,false,false,false,false,false,false,false,false,-0.026401533472318363,0.6699858912026806,delta_g_hat,true,true,""
20212022,2021021066,2022-03-29,CGY,COL,0.4852,0.5774,-0.0922,0.4852151078535891,-0.12379137320586345,-0.2171326727776326,-0.05429669312352958,0.0,0.0,1.0,-1.6923367982013726,0.0,1.0,0.0,0.011888951187505787,0.15009319229650242,-0.18246743111856203,0.02538197392269552,-0.04553095568521097,-0.010341758568122045,0.0021979372310106772,-0.008938178716622364,-0.00404201817357409,0.002503617037970341,false,2.2358512950558374,0.5752529676308459,0.08446423582805497,1.0025259873792256,2.9028826679976696,0.0006846741750619612,1,0.7522225247193874,false,false,false,false,false,2.118261762170614,0.6291852948098019,0.07926848339838856,1.0383381575690778,2.935086606168808,0.0030711202851586017,1,0.7214348651279266,false,false,false,false,false,false,false,false,false,false,false,-0.05921729865207639,0.31210916204687844,delta_g_hat,true,true,""
20212022,2021021072,2022-03-30,ARI,SJS,0.5196,0.393,0.1266,0.5195876700762605,-0.07800575217936916,-0.11140740417488226,0.08190034425479986,0.0,0.0,-2.0,1.2581063455140755,1.0,0.0,0.0,0.011888951187505787,0.1488283378752269,-0.11747429941562712,0.02538197392269552,-0.04553095568521097,0.02868117429932286,-0.003054469119274138,0.023385530943394652,0.0039014566419324995,0.002503617037970341,false,2.062415661646991,0.5289795127451836,0.07721438736657578,1.0086805508164516,2.6917745626688663,0.003058766668500079,1,0.8071826852502031,false,false,false,false,false,2.2298803169306654,0.5209341538105255,0.07782539237646587,0.9747947684896886,2.7573433405084806,0.0024657123820354954,1,0.6991746479455836,false,false,false,false,false,false,false,false,false,false,false,0.07844019459061571,-0.434719179190237,delta_g_hat,true,true,""
20212022,2021021073,2022-03-30,SEA,VGK,0.5294,0.3965,0.1329,0.5293830220952238,-0.029021418596496762,-0.06946676716988698,0.02856783996871126,0.0,0.0,-2.0,0.13748020993183627,0.0,0.0,0.0,0.011888951187505787,0.1488283378752269,-0.04794056431372959,0.02538197392269552,-0.04553095568521097,0.02868117429932286,-0.0010595200407383777,-0.008938178716622364,0.0039014566419324995,0.002503617037970341,false,2.059632839266606,0.5043726903575882,0.07784330061590966,1.0124701246166712,2.674793014371605,0.00336665505374574,0,0.23327686280084756,false,false,false,false,false,2.132583669356066,0.5460098903278559,0.0768137208567612,0.9825057067816442,2.707203377638912,0.005501408179073634,1,0.6851949298672309,false,false,false,false,false,false,false,false,false,false,false,0.11773581349973865,-0.42006999946268325,delta_g_hat,true,true,""
20212022,2021021087,2022-04-01,EDM,STL,0.503,0.6083,-0.1053,0.5030284885867247,-0.08062076391532746,-0.11024349187804106,-0.0183010846781424,0.0,0.0,0.0,-0.8172181821797639,0.0,1.0,0.0,0.011888951187505787,0.1487425779212029,-0.12118633385677866,0.02538197392269552,-0.04553095568521097,0.0026658857210262567,0.000640042924240176,-0.008938178716622364,-0.00404201817357409,0.002503617037970341,false,2.309008042075933,0.6077384728352566,0.07916436236923648,1.009897826291572,3.025563882728779,0.008774360942078471,1,0.3174602403795184,false,false,false,false,false,2.214579874048076,0.5731357496770348,0.0790756714506081,1.057024983044654,3.0302700201756765,0.03763863524329644,0,0.32435878343366614,false,false,false,false,false,false,false,false,false,false,false,0.012000144003110558,0.44017194065487386,delta_g_hat,true,false,""
20212022,2021021089,2022-04-01,SEA,VGK,0.4864,0.3749,0.1115,0.48641015729311704,-0.13206925125324048,-0.18915966908671678,-0.022750779238925656,0.0,0.0,0.0,0.0,0.0,0.0,0.0,0.011888951187505787,0.1487425779212029,-0.19421795903741865,0.02538197392269552,-0.04553095568521097,0.0026658857210262567,-0.0008147764912066506,-0.008938178716622364,0.0039014566419324995,0.002503617037970341,false,2.043694887937367,0.501414031186699,0.07773409278881421,1.009727237413247,2.648356028587433,0.01331849922820643,0,0.7603524222768692,false,false,false,false,false,2.1514305774559905,0.5464562041022311,0.07651421896134522,0.9892304180117896,2.744521861476298,0.021466360200957716,1,0.6029411184301214,false,false,false,false,false,false,false,false,false,false,false,-0.05441342172379429,-0.5112523131959003,delta_g_hat,true,false,""
20212022,2021021098,2022-04-02,CGY,STL,0.6029,0.7026,-0.0998,0.6028704002514068,0.07283931721858365,-0.016318593425798777,0.157735175515743,0.0,1.0,1.0,-0.28156831484753003,0.0,0.0,0.0,0.011888951187505787,0.14760398054353716,0.09665173496635468,0.02538197392269552,0.14948643708564552,-0.010341758568122045,-0.00031352595597966413,-0.008938178716622364,0.0039014566419324995,0.002503617037970341,false,2.2971627042122913,0.5532572073158954,0.0768872846785675,0.9987166798753162,2.9235505239707305,0.008298127035384018,3,0.8172286078473411,false,false,false,false,false,2.0292029460155234,0.5339087230234638,0.07721556953042683,1.0573358904123806,2.7917127517728533,0.0024792344908078634,1,0.9195454090210672,false,false,false,false,false,false,false,false,false,false,false,0.417563207358154,0.8597097058056721,away_back_to_back,true,false,""
20212022,2021021107,2022-04-03,ANA,EDM,0.4362,0.3258,0.1105,0.43623270448916146,-0.2672672331987015,-0.40126958098833443,-0.24382045778074435,0.0,0.0,0.0,-1.7014079070816066,0.0,1.0,0.0,0.011888951187505787,0.14337595432326447,-0.3861328015043958,0.02538197392269552,-0.04553095568521097,0.0026658857210262567,0.002214085703482737,-0.008938178716622364,-0.00404201817357409,0.002503617037970341,false,2.0798711724087258,0.5139636334731174,0.08085121707795831,0.9989249180714261,2.671810516351908,0.0017213288379274994,1,0.7885966175642247,false,false,false,false,false,2.2927635788852747,0.6275427317686049,0.07928240036426375,1.013027269926393,3.0386651628247376,0.011989012910189119,1,0.33093624515572456,false,false,false,false,false,false,false,false,false,false,false,-0.25659872491248376,-0.7272431066320157,delta_g_hat,true,false,""
20212022,2021021108,2022-04-03,SEA,DAL,0.5331,0.393,0.1401,0.533148721515262,-0.1259838470319745,-0.15143504582095524,0.009262294821745343,0.0,1.0,1.0,-1.1447060829626285,0.0,0.0,0.0,0.011888951187505787,0.14337595432326447,-0.18557966891158478,0.02538197392269552,0.14948643708564552,-0.010341758568122045,0.0012230399338172752,-0.008938178716622364,0.0039014566419324995,0.002503617037970341,false,2.0431847264719325,0.5135817781249519,0.07719748513087793,1.0090597918541073,2.65782715522591,0.006773774569812145,0,0.28776859296268675,false,false,false,false,false,2.106125433120866,0.5450694094012268,0.07879086870399439,0.9997622190002082,2.7293365724942547,0.014926728411204656,2,0.9563392766778561,false,false,false,false,false,false,false,false,false,false,false,0.1325939218518241,-0.434719179190237,delta_g_hat,true,true,""
20212022,2021021126,2022-04-06,VGK,VAN,0.5383,0.626,-0.0877,0.5382531398328267,0.022634565784198046,-0.04672700313037348,0.11068817553084909,0.0,0.0,0.0,0.0,0.0,0.0,0.0,0.011888951187505787,0.13697790262338735,0.02538560492522258,0.02538197392269552,-0.04553095568521097,0.0026658857210262567,-0.0008147764912066506,-0.008938178716622364,0.0039014566419324995,0.002503617037970341,false,2.2533835047078097,0.5574556504769199,0.0780150264386368,0.9906547569961289,2.861857137293347,0.004588414510499683,0,0.3177275072269585,false,false,false,false,false,2.1118766229740347,0.5402242679507324,0.0782375870491067,1.0177360234899624,2.778763825354767,0.01536663867634945,3,0.8142500589147085,false,false,false,false,false,false,false,false,false,false,false,0.15350069605396838,0.5150945736855667,away_back_to_back,true,false,""
20212022,2021021127,2022-04-06,ANA,CGY,0.3679,0.2855,0.0824,0.36792957544678856,-0.4578535196664287,-0.5780777247083044,-0.3727159328464067,0.0,0.0,1.0,-0.04452993567711105,0.0,0.0,0.0,0.011888951187505787,0.13697790262338735,-0.6566718777353927,0.02538197392269552,-0.04553095568521097,-0.010341758568122045,-0.0007355038851825606,-0.008938178716622364,0.0039014566419324995,0.002503617037970341,false,1.8520223370157616,0.47341169481775286,0.07952500389463514,0.9904917808726486,2.3820921582241423,0.015424180718964176,2,0.20708792699075695,false,false,false,false,false,2.256741266899348,0.5761512048418092,0.07693853466375133,0.9974465355121276,2.902400856264343,0.017625403616553265,0,0.8281732342050356,false,false,false,false,false,false,false,false,false,false,false,-0.5412364473675244,-0.9173409682738574,delta_g_hat,true,false,""
20212022,2021021148,2022-04-09,NSH,FLA,0.5491,0.4453,0.1038,0.5491466574604689,-0.08641674348910137,-0.4416271954411539,-0.015829671027284054,0.0,1.0,1.0,0.09498328621234942,1.0,1.0,0.0,0.011888951187505787,0.13009963150963966,-0.1294137828973372,0.02538197392269552,0.14948643708564552,-0.010341758568122045,-0.0009838666215266738,0.023385530943394652,-0.00404201817357409,0.002503617037970341,false,2.0724188713850538,0.5921577639325768,0.09036292174698929,1.0439135477112782,2.8759187267454647,0.0025370079808959833,0,0.8591151068046922,false,false,false,false,false,2.3080139715290553,0.631665668969729,0.08633573036687457,1.0331313927454957,3.1262714745717157,0.016653663326940904,2,0.7659890063059809,false,false,false,false,false,false,false,false,false,false,false,0.19703498885778856,-0.2196792147335321,away_back_to_back,true,true,""
20212022,2021021149,2022-04-09,DAL,NJD,0.5669,0.6676,-0.1007,0.5668881144233237,0.112235294012239,-0.052514055014176275,0.20021358322848304,0.0,0.0,0.0,-2.1933328660354983,0.0,1.0,0.0,0.011888951187505787,0.13009963150963966,0.15257470490563257,0.02538197392269552,-0.04553095568521097,0.0026658857210262567,0.0030898150947698,-0.008938178716622364,-0.00404201817357409,0.002503617037970341,false,2.2170523863601486,0.5433509895022285,0.08033868528057238,0.9920003793918126,2.8180172024080856,0.0019057403858656237,2,0.7665921435131535,false,false,false,false,false,2.1963489708697588,0.5096830442742574,0.07872753373916805,1.0071168517810718,2.8045782698385104,0.003597890649560777,1,0.7425611286377601,false,false,false,false,false,false,false,false,false,false,false,0.26921427310967694,0.6973501288063867,delta_g_hat,true,false,""
20212022,2021021153,2022-04-09,VGK,ARI,0.7058,0.7955,-0.0898,0.7057670446795141,0.544629756939878,0.48619519370402653,0.6300784354087461,0.0,0.0,1.0,-0.39064612934906967,0.0,0.0,0.0,0.011888951187505787,0.13009963150963966,0.7663628254252599,0.02538197392269552,-0.04553095568521097,-0.010341758568122045,-0.0001193446151924611,-0.008938178716622364,0.0039014566419324995,0.002503617037970341,false,2.3665220681231096,0.5480658136879853,0.07337239250759961,0.9892290131645791,2.9557769935392475,0.009190609425936754,1,0.3679659364083026,false,false,false,false,false,1.924124383754696,0.4760802230102418,0.0789332980274317,0.9986983441127221,2.475910920343223,0.014870546130859419,0,0.8035323085793068,false,false,false,false,false,false,false,false,false,false,false,0.8750721030738325,1.358402872294985,delta_g_hat,true,false,sample
20212022,2021021154,2022-04-09,SEA,CGY,0.4425,0.3086,0.1339,0.442520604170495,-0.2869781166276264,-0.33256350340183927,-0.15826270290493616,0.0,0.0,0.0,1.6423597020388025,2.0,0.0,0.0,0.011888951187505787,0.13009963150963966,-0.41411259109676607,0.02538197392269552,-0.04553095568521097,0.0026658857210262567,-0.0037385205215957487,0.05570924060341167,0.0039014566419324995,0.002503617037970341,false,1.9411968137999431,0.5077948440571813,0.07941927399128342,1.006922599051756,2.545914106967672,0.0030718331955078837,0,0.6279634797346281,false,false,false,false,false,2.210224470568388,0.559579762256946,0.08018360766977331,0.9920836850339729,2.827426439100401,0.012951734620027161,1,0.8387755052440166,false,false,false,false,false,false,false,false,false,false,false,-0.23102203888628967,-0.8066725875584637,delta_g_hat,true,false,""
20212022,2021021159,2022-04-10,CAR,ANA,0.6961,0.7857,-0.0896,0.6961159887454169,0.37600676468325245,0.3604211568006206,0.5077703925848134,0.0,1.0,1.0,-0.5519415674616824,0.0,0.0,0.0,0.011888951187505787,0.12806826803842403,0.5270008576682621,0.02538197392269552,0.14948643708564552,-0.010341758568122045,0.00016779502524399427,-0.008938178716622364,0.0039014566419324995,0.002503617037970341,false,2.3160722897103603,0.5819721622332437,0.08311410094086683,0.9593152123732667,2.8598707502787466,0.015540739255718805,2,0.6815367429206557,false,false,false,false,false,1.9447321967769298,0.49411118374442925,0.08128331994630573,0.9994767707863166,2.5188080965557966,0.014656683074835836,2,0.9195925771564938,false,false,false,false,false,false,false,false,false,false,false,0.8287946282518737,1.2991981377022443,delta_g_hat,true,false,""
20212022,2021021160,2022-04-10,CHI,DAL,0.4991,0.393,0.1061,0.4991015109062283,-0.20236821261584675,-0.289542486537139,-0.015049653749262593,0.0,1.0,2.0,-1.2922058033519903,0.0,0.0,0.0,0.011888951187505787,0.12806826803842403,-0.29400801434267565,0.02538197392269552,0.14948643708564552,-0.02334940285727035,0.0014856203091376805,-0.008938178716622364,0.0039014566419324995,0.002503617037970341,false,2.0172210459220397,0.5266677257901782,0.0776262520110609,1.032694819660841,2.7072249846620964,0.02060995643128427,3,0.6961798850927632,false,false,false,false,false,2.215501502796705,0.5382423676378747,0.07906392631999125,0.9926015515627473,2.8118494143376345,0.004450950083252223,2,0.30983472064676754,false,false,false,false,false,false,false,false,false,false,false,-0.0036000038880075816,-0.434719179190237,delta_g_hat,true,false,""
20212022,2021021174,2022-04-12,CGY,SEA,0.6363,0.779,-0.1427,0.636294975352088,0.2974520218474219,0.16564263135170076,0.34382247722404413,0.0,0.0,0.0,0.0,1.0,1.0,0.0,0.011888951187505787,0.1291528757088699,0.4154916407447882,0.02538197392269552,-0.04553095568521097,0.0026658857210262567,-0.0008147764912066506,0.023385530943394652,-0.00404201817357409,0.002503617037970341,false,2.205843039524441,0.558026991570676,0.08087815956996872,0.9914964050731718,2.8205576043828424,0.004055943072327178,1,0.8333640582700298,false,false,false,false,false,1.9270155339299373,0.5119201773276546,0.07945109822905225,1.005447445453278,2.5321055842615774,0.005743905753731696,1,0.3671472222490948,false,false,false,false,false,false,false,false,false,false,false,0.5593407982458031,1.2598483443529955,delta_g_hat,true,false,""
20212022,2021021175,2022-04-12,VAN,VGK,0.5006,0.4147,0.0859,0.5005988581054835,-0.08025815989516502,-0.16932544078069656,0.005182794569184246,0.0,0.0,0.0,-1.5998220997628798,0.0,0.0,0.0,0.011888951187505787,0.1291528757088699,-0.1206716139444989,0.02538197392269552,-0.04553095568521097,0.0026658857210262567,0.0020332417036258974,-0.008938178716622364,0.0039014566419324995,0.002503617037970341,false,2.075152229081201,0.5481450863810746,0.07942998552647107,1.019541884754515,2.7555436864275498,0.00009406239365174207,2,0.7394489330677333,false,false,false,false,false,2.2525247141135023,0.5696468192876962,0.07893706879598894,1.0021744623903526,2.907416953742994,0.02875069033161444,1,0.4538185362759714,false,false,false,false,false,false,false,false,false,false,false,0.002400001152001195,-0.3445691690448394,delta_g_hat,true,true,""
20212022,2021021187,2022-04-12,CHI,LAK,0.4873,0.4018,0.0855,0.4872980921217501,-0.1164436452525468,-0.15239923567794422,0.05956877555652973,0.0,0.0,0.0,-0.5549875109114456,0.0,0.0,0.0,0.011888951187505787,0.1291528757088699,-0.17203726025092422,0.02538197392269552,-0.04553095568521097,0.0026658857210262567,0.00017321744212812296,-0.008938178716622364,0.0039014566419324995,0.002503617037970341,false,2.0895350320636026,0.5436635152859353,0.08065266048733254,1.0296841833047397,2.7944096645520893,0.04606170299813167,2,0.2579420382034992,false,false,false,false,false,2.273765763931756,0.5272832353622929,0.08028541226702605,0.9537620769062763,2.748107492632015,0.004745884743506942,3,0.4639852474836828,false,false,false,false,false,false,false,false,false,false,false,-0.05081092894019425,-0.3979706938150137,delta_g_hat,true,false,""
20212022,2021021191,2022-04-14,CGY,VGK,0.5373,0.6178,-0.0805,0.5373200539140238,0.02929580224189034,-0.0747842065693245,0.11289933452886824,0.0,0.0,0.0,-0.673727494123992,0.0,1.0,0.0,0.011888951187505787,0.1305317138508833,0.0348412944778152,0.02538197392269552,-0.04553095568521097,0.0026658857210262567,0.0003845994656003368,-0.008938178716622364,-0.00404201817357409,0.002503617037970341,false,2.195067009730511,0.5394154103752745,0.0785611029249771,0.9983453227675534,2.8083888439593223,0.016408436020284217,3,0.8442951242314694,false,false,false,false,false,2.1165148426809504,0.5360572911482463,0.07671621928599973,1.0110455727557213,2.759434906190873,0.03251284518874904,0,0.42878081468083196,false,false,false,false,false,false,false,false,false,false,false,0.14947770182182182,0.4802207486783088,away_back_to_back,true,false,""
20212022,2021021194,2022-04-15,FLA,WPG,0.615,0.7026,-0.0876,0.6150295098712482,0.23890035901071094,0.1334974558933566,0.42434800228572067,0.0,0.0,-1.0,-2.2328002859973917,0.0,0.0,0.0,0.011888951187505787,0.12996769099121894,0.33237698927003523,0.02538197392269552,-0.04553095568521097,0.015673530010174557,0.0031600753631904135,-0.008938178716622364,0.0039014566419324995,0.002503617037970341,false,2.3403849748374386,0.6169041408903194,0.08603609944742462,1.0300539461172995,3.134789147209476,0.004077825677086783,0,0.6980164433793322,false,false,false,false,false,2.0941797168863445,0.6021515517687218,0.08713466581047,1.0121458545242936,2.817273506778882,0.009625399125203389,2,0.8129547989126091,false,false,false,false,false,false,false,false,false,false,false,0.4683789335187336,0.8597097058056721,delta_g_hat,true,false,sample
20212022,2021021197,2022-04-16,BUF,PHI,0.4945,0.5932,-0.0988,0.49445676091449564,-0.10581632903742423,-0.1914998290139689,-0.007684792509861538,0.0,0.0,-1.0,-0.45251491089446727,0.0,0.0,0.0,0.011888951187505787,0.1298741613906175,-0.15695168213856195,0.02538197392269552,-0.04553095568521097,0.015673530010174557,-9.20523434534768e-6,-0.008938178716622364,0.0039014566419324995,0.002503617037970341,false,2.214434757527748,0.5149323050709396,0.07616610986437601,0.9933306465093479,2.7868220800061567,0.01038409143286445,2,0.6296680978797881,false,false,false,false,false,2.2545069591149525,0.5006535650313094,0.0796569067569255,0.9940212634298982,2.8178688042594846,0.017560476756157878,1,0.6668016814213756,false,false,false,false,false,false,false,false,false,false,false,-0.022000887397759464,0.3772099460893719,delta_g_hat,true,true,""
20212022,2021021201,2022-04-16,NYR,DET,0.6858,0.7729,-0.087,0.685822117977483,0.4817548927733333,0.28419926477534974,0.8221883860016996,0.0,0.0,1.0,-0.5500083810496722,0.0,0.0,0.0,0.011888951187505787,0.1298741613906175,0.6771113478660555,0.02538197392269552,-0.04553095568521097,-0.010341758568122045,0.00016435354879719167,-0.008938178716622364,0.0039014566419324995,0.002503617037970341,false,2.224481559433746,0.5677070153222881,0.08189973896815776,1.019424133311329,2.929914988278503,0.006060412468758047,2,0.6896322588711924,false,false,false,false,false,2.0419428403223625,0.5173140262342765,0.07840209349380656,0.9887968760805907,2.60810893986386,0.01125934984846666,1,0.31503247375412413,false,false,false,false,false,false,false,false,false,false,false,0.7805563142072991,1.2247592250013126,delta_g_hat,true,false,""
20212022,2021021208,2022-04-16,LAK,CBJ,0.5527,0.6421,-0.0894,0.5526506632024776,0.06028060600713926,0.04333047015701341,0.13367133815909682,0.0,0.0,0.0,-1.8410518518195658,1.0,3.0,0.0,0.011888951187505787,0.1298741613906175,0.0788245229839681,0.02538197392269552,-0.04553095568521097,0.0026658857210262567,0.002462681153858654,0.023385530943394652,-0.01992896780458727,0.002503617037970341,false,2.3344769254362503,0.5131156245256114,0.07960431839888918,0.9510311906817464,2.783855523077004,0.0009736470195362036,3,0.4071396866848006,false,false,false,false,false,2.073750169019003,0.5191905332618879,0.08001324075764643,1.0462778381047362,2.7966524728758912,0.008659068782965573,1,0.8159946971343219,false,false,false,false,false,false,false,false,false,false,false,0.2115858484004147,0.5844904370280226,delta_g_hat,true,false,""
20212022,2021020436,2022-04-18,CHI,CGY,0.3312,0.2504,0.0808,0.3312134747604891,-0.5771983952904798,-0.6148527029453765,-0.36393596811067574,0.0,0.0,0.0,-1.6049256745348757,0.0,1.0,0.0,0.011888951187505787,0.13610260815200864,-0.8260830825111435,0.02538197392269552,-0.04553095568521097,0.0026658857210262567,0.0020423271349444714,-0.008938178716622364,-0.00404201817357409,0.002503617037970341,false,1.9373725558653034,0.5214396804592631,0.07867418009900096,1.0417311536163665,2.6433786518667826,0.005228101823811615,2,0.8416944420025805,false,false,false,false,false,2.383935078361432,0.5549801372481837,0.07980390517190385,1.0084403469047332,3.044198157368867,0.015285813108283947,0,0.8490650032951413,false,false,false,false,false,false,false,false,false,false,false,-0.7027626392593874,-1.0964800916982689,delta_g_hat,true,false,""
20212022,2021020611,2022-04-18,SEA,OTT,0.6129,0.5053,0.1075,0.6128752902964482,0.25148978705806113,0.21310091992288172,0.35340763956727184,0.0,0.0,0.0,-3.512183683084158,0.0,3.0,0.0,0.011888951187505787,0.13610260815200864,0.35024780409796075,0.02538197392269552,-0.04553095568521097,0.0026658857210262567,0.005437645596536885,-0.008938178716622364,-0.01992896780458727,0.002503617037970341,false,2.183579718562544,0.5297812573716215,0.08209701627886026,1.0112984200793924,2.8270422509233435,0.00019060259486274045,1,0.3964255538460824,false,false,false,false,false,2.0279332211612195,0.5301539891397128,0.08173539803183227,0.9834157510896414,2.5960431331169818,0.01338426562743128,2,0.8385369349093705,false,false,false,false,false,false,false,false,false,false,false,0.45951873290808365,0.02120079406419991,delta_g_hat,false,false,sample
20212022,2021021219,2022-04-18,VGK,NJD,0.6437,0.7529,-0.1092,0.6437132240609892,0.3103738177809412,0.19162610255757073,0.4436219371664465,0.0,0.0,0.0,0.53359122461578,1.0,0.0,0.0,0.011888951187505787,0.13610260815200864,0.43383425500046674,0.02538197392269552,-0.04553095568521097,0.0026658857210262567,-0.0017646805564986378,0.023385530943394652,0.0039014566419324995,0.002503617037970341,false,2.306594726127309,0.5466815361322336,0.07588804997063223,1.0134020817689418,2.9684212118573496,0.0037704395232445592,0,0.07879221074040124,false,false,false,false,true,2.144848316303682,0.48128450894819313,0.07818755450813238,1.0078691076860318,2.7256009680458693,0.013300366000882184,0,0.3255712119951993,false,false,false,false,false,false,false,false,false,true,true,0.59145970644678,1.1141393038615124,delta_g_hat,true,false,flagged
20212022,2021020443,2022-04-19,NSH,CGY,0.561,0.4519,0.1091,0.5610318825487062,-0.03895943748193335,-0.3396653533806173,0.05904634170327139,0.0,1.0,1.0,-0.6408651027200913,0.0,0.0,0.0,0.011888951187505787,0.1343829457867973,-0.062047678202469383,0.02538197392269552,0.14948643708564552,-0.010341758568122045,0.0003260975305052472,-0.008938178716622364,0.0039014566419324995,0.002503617037970341,false,2.050542751453318,0.5525258870936994,0.08496222835360666,1.0358285509444152,2.7843391177555334,0.008840929937512596,0,0.8414703396459247,false,false,false,false,false,2.2544650152750187,0.5898555675816912,0.08178630371128162,1.0100302434572723,2.95545645102227,0.002032896565927922,1,0.5035706220949933,false,false,false,false,false,false,false,false,false,false,false,0.24522149244752528,-0.19299683563483677,away_back_to_back,false,true,sample
20212022,2021021224,2022-04-19,NYR,WPG,0.5905,0.6791,-0.0885,0.590546940348999,0.1744185711190922,-0.029863404967049423,0.38529278103870146,0.0,0.0,0.0,-1.6201356275630736,0.0,0.0,0.0,0.011888951187505787,0.1343829457867973,0.24084446794733436,0.02538197392269552,-0.04553095568521097,0.0026658857210262567,0.0020694040349155847,-0.008938178716622364,0.0039014566419324995,0.002503617037970341,false,2.1144945838405316,0.582670835594153,0.08242708644258721,1.026242801453132,2.8525368001296223,0.01851581166105712,1,0.695197447676393,false,false,false,false,false,2.0946469427532506,0.5797494324108344,0.08097970385583599,1.0105634728480453,2.7844824194168014,0.029381396968134695,0,0.1675665633783265,false,false,false,false,false,false,false,false,false,false,false,0.366032732344293,0.7496388440039347,delta_g_hat,true,false,""
20212022,2021021226,2022-04-19,ANA,LAK,0.5011,0.393,0.1081,0.50108597638731,-0.08977967096008162,-0.14038030398179657,-0.061384968840692444,0.0,0.0,-1.0,-0.04452993567711105,0.0,0.0,0.0,0.011888951187505787,0.1343829457867973,-0.13418749095520893,0.02538197392269552,-0.04553095568521097,0.015673530010174557,-0.0007355038851825606,-0.008938178716622364,0.0039014566419324995,0.002503617037970341,false,1.9845120815137043,0.4935663641498464,0.08220618388696144,1.005477169327621,2.5743077419934655,0.0014318461708957564,2,0.6549548499058422,false,false,false,false,false,2.20677732997343,0.5399180066434348,0.07916228850363095,0.9553332643011524,2.6996357894566656,0.016929613543551606,0,0.49938496768644997,false,false,false,false,false,false,false,false,false,false,false,0.004400007098687268,-0.434719179190237,delta_g_hat,true,true,sample
20212022,2021021229,2022-04-20,EDM,DAL,0.5444,0.628,-0.0836,0.5443658193587814,0.06607636897410346,0.016293034313032084,0.13624926096691414,0.0,0.0,2.0,-0.8172181821797639,0.0,1.0,0.0,0.011888951187505787,0.13248226451835055,0.0870516645490661,0.02538197392269552,-0.04553095568521097,-0.02334940285727035,0.000640042924240176,-0.008938178716622364,-0.00404201817357409,0.002503617037970341,false,2.2083928368611883,0.6019160441071727,0.08015699027775647,1.0069485763487211,2.9105504940358435,0.0074290631897690335,0,0.481401721908614,false,false,false,false,false,2.2048691036162644,0.5707665391470323,0.08061341758451145,0.9931105926164263,2.8365711969821223,0.012949833038261131,2,0.3397073670359517,false,false,false,false,false,false,false,false,false,false,false,0.17806903920428396,0.5236463121950522,delta_g_hat,true,false,""
20212022,2021021232,2022-04-20,SEA,COL,0.3953,0.2638,0.1315,0.39531761045885866,-0.37846200910789723,-0.4278461251073975,-0.2961127288708125,0.0,0.0,0.0,-1.641176682894509,0.0,1.0,0.0,0.011888951187505787,0.13248226451835055,-0.5439748609396665,0.02538197392269552,-0.04553095568521097,0.0026658857210262567,0.0021068615174889833,-0.008938178716622364,-0.00404201817357409,0.002503617037970341,false,2.07577225643187,0.5260597133336402,0.08450996070152543,1.0082348958112137,2.708463676377727,0.011992889307933963,2,0.5645469598553461,false,false,false,false,false,2.183636764633145,0.5949004813505491,0.07968425750172986,1.0518179537426728,3.006328693139345,0.05157406855229935,2,0.27872232173481204,false,false,false,false,false,false,false,false,false,false,false,-0.4250874969765274,-1.0263105806617066,delta_g_hat,true,false,""
20212022,2021021233,2022-04-21,MTL,PHI,0.4828,0.5713,-0.0885,0.4828459381551334,-0.13223724499445896,-0.24430745119670494,-0.013111865145516433,0.0,0.0,0.0,-0.5040660473764653,0.0,0.0,0.0,0.011888951187505787,0.13371545845492205,-0.1944564277772434,0.02538197392269552,-0.04553095568521097,0.0026658857210262567,0.00008256657871235875,-0.008938178716622364,0.0039014566419324995,0.002503617037970341,false,2.157903970120883,0.4848122972441946,0.08197903842683654,0.987083072438723,2.6895006139004485,0.013049469075821912,3,0.34028869780574644,false,false,false,false,false,2.1786392074055403,0.5325791074892223,0.08094241059996,0.9927173998200707,2.771826535292843,0.007959132251947887,1,0.6314198341341313,false,false,false,false,false,false,false,false,false,false,false,-0.06882715767432593,0.2871570921264856,delta_g_hat,true,true,""
20212022,2021021236,2022-04-21,NJD,BUF,0.6649,0.5615,0.1034,0.6648949354020195,0.3280678736073336,0.15516203803641115,0.410856870040865,0.0,0.0,-1.0,3.451115134217397,3.0,0.0,0.0,0.011888951187505787,0.13371545845492205,0.4589511383123333,0.02538197392269552,-0.04553095568521097,0.015673530010174557,-0.006958483779766994,0.08803295026342868,0.0039014566419324995,0.002503617037970341,false,2.3829257356297355,0.4991887028404269,0.08035746159870594,1.0064838958082718,2.9816802592038476,0.015783121012930793,2,0.6316633635690974,false,false,false,false,false,2.204739563236468,0.5173374004634012,0.07641354698728253,0.9970813805466525,2.790322781842652,0.0007743790010797391,0,0.697475184406064,false,false,false,false,false,false,false,false,false,false,false,0.6852076586651448,0.24725196236626015,delta_g_hat,false,false,""
20212022,2021021239,2022-04-21,CAR,WPG,0.6327,0.7164,-0.0837,0.6327315657842,0.24548197380425804,-0.007864839729741835,0.32659163540821057,0.0,0.0,1.0,2.3752642012573766,3.0,0.0,0.0,0.011888951187505787,0.13371545845492205,0.34171965510059077,0.02538197392269552,-0.04553095568521097,-0.010341758568122045,-0.005043243933754208,0.08803295026342868,0.0039014566419324995,0.002503617037970341,false,2.360046217895113,0.6026309225377362,0.08609225926201206,0.9638403829463807,2.938527065717103,0.030952615713469134,2,0.6399937769679911,false,false,false,false,false,2.112098596942304,0.579571214357203,0.08414210333196119,1.0070480234465562,2.795375902089021,0.0020970790983087795,1,0.5518186068453543,false,false,false,false,false,false,false,false,false,false,false,0.5438174233272172,0.9266738755285844,delta_g_hat,true,false,""
20212022,2021021242,2022-04-21,LAK,CHI,0.6213,0.7074,-0.0861,0.6212703367336073,0.13703435557495713,0.0525746763044852,0.20870402323297865,0.0,1.0,1.0,-0.5133428182230196,0.0,0.0,0.0,0.011888951187505787,0.13371545845492205,0.18777721255147767,0.02538197392269552,0.14948643708564552,-0.010341758568122045,0.00009908117253138074,-0.008938178716622364,0.0039014566419324995,0.002503617037970341,false,2.2876297216919736,0.5208248124106114,0.0812398915332159,0.9551507907380649,2.7600939156374134,0.00628410920228286,2,0.5915970611163671,false,false,false,false,false,2.02874684321517,0.5365123166932908,0.08059017273682817,1.0429169589770912,2.7594011399139915,0.03229147843106456,1,0.649851084824769,false,false,false,false,false,false,false,false,false,false,false,0.4950697221618988,0.8827897881853564,delta_g_hat,true,false,""
20212022,2021021245,2022-04-22,MIN,SEA,0.5752,0.731,-0.1557,0.5752437035606615,0.29421682482218997,0.19854089351506854,0.3450276434999209,1.0,0.0,-1.0,-2.2539425760919185,0.0,2.0,0.0,0.011888951187505787,0.1353193510767597,0.4108992472895554,-0.20940128486223802,-0.04553095568521097,0.015673530010174557,0.003197713064831468,-0.008938178716622364,-0.011985492989080679,0.002503617037970341,false,2.099953356386746,0.5442581889140147,0.08265251961041602,1.0595667416416645,2.88929447215768,0.012728958669451451,2,0.7429916217077207,false,false,false,false,false,1.9666818671029966,0.5303254274599859,0.08406100675445122,1.0097094575524241,2.606129074428983,0.009904796837182414,0,0.5706504508308385,false,false,false,false,false,false,false,false,false,false,false,0.303099336479108,0.9997020801479394,delta_g_hat,true,false,""
20212022,2021021254,2022-04-23,NJD,CAR,0.4268,0.3017,0.1251,0.4267663879430408,-0.29384139371675916,-0.44681478863353963,-0.10732665531378949,0.0,0.0,0.0,-0.6768142051093172,0.0,0.0,0.0,0.011888951187505787,0.13512831401360745,-0.4238550792790191,0.02538197392269552,-0.04553095568521097,0.0026658857210262567,0.0003900944572307804,-0.008938178716622364,0.0039014566419324995,0.002503617037970341,false,2.1919455714048035,0.5224170030977043,0.08189214860904671,1.0048106724109882,2.809706588562123,0.03414484107389768,1,0.2510159285235825,false,false,false,false,false,2.4234731091056245,0.5841257906560082,0.08555186524987247,0.9600632199878808,2.9696202833649226,0.023988943436258653,1,0.19425246333144477,false,false,false,false,false,false,false,false,false,false,false,-0.29491917652641836,-0.8392156636869741,delta_g_hat,true,false,""
20212022,2021021255,2022-04-23,DAL,SEA,0.6069,0.746,-0.1391,0.6068928251511301,0.07242110448209049,0.019918796091157542,0.15161334245023106,0.0,1.0,1.0,1.078301077017721,1.0,0.0,0.0,0.011888951187505787,0.13512831401360745,0.09605807794361787,0.02538197392269552,0.14948643708564552,-0.010341758568122045,-0.002734378106479485,0.023385530943394652,0.0039014566419324995,0.002503617037970341,false,2.108588120473193,0.5378710635192352,0.07830601991128013,1.0011845025033044,2.727992695108649,0.004170157870682431,2,0.6403202272579034,false,false,false,false,false,2.019119302020305,0.5009233808736407,0.07877140902060209,1.0121277935998472,2.630331972825662,0.011551928605794862,2,0.7628484816179959,false,false,false,false,false,false,false,false,false,false,false,0.43430000041399486,1.0773913331852243,away_back_to_back,true,false,""
20212022,2021021258,2022-04-23,LAK,ANA,0.5746,0.6928,-0.1181,0.5746363477299398,0.10950791437378664,0.07472633881586344,0.16386063240622972,0.0,0.0,-2.0,-0.04452993567711105,0.0,0.0,0.0,0.011888951187505787,0.13512831401360745,0.14870316314051676,0.02538197392269552,-0.04553095568521097,0.02868117429932286,-0.0007355038851825606,-0.008938178716622364,0.0039014566419324995,0.002503617037970341,false,2.1990917847653817,0.5362866825033419,0.07902325162329851,0.9557362692918654,2.6898257991024743,0.0027957527902140477,0,0.5974429634801548,false,false,false,false,false,1.9768741106542969,0.4951147704133566,0.08171404266435978,0.998786354940229,2.5506036347945034,0.009127436341137968,1,0.3404401400806516,false,false,false,false,false,false,false,false,false,false,false,0.3006442437790523,0.8132423559747082,delta_g_hat,true,false,""
20212022,2021021264,2022-04-24,PHI,PIT,0.3825,0.2855,0.097,0.382538877087216,-0.5445927270752138,-0.6883460016524121,-0.39320254698946,0.0,1.0,2.0,-0.07780372587187549,0.0,0.0,0.0,0.011888951187505787,0.13878272199852326,-0.7797990212476582,0.02538197392269552,0.14948643708564552,-0.02334940285727035,-0.0006762695741302406,-0.008938178716622364,0.0039014566419324995,0.002503617037970341,false,2.036544772565184,0.4859555083555682,0.08182644359715914,0.9950438625196083,2.5914193232273424,0.01832149052850457,0,0.6722072564108484,false,false,false,false,false,2.3617654398677526,0.5973279671012925,0.07721162836082932,1.0308557543709542,3.1299925176953045,0.025333689397210285,1,0.4771315901405928,false,false,false,false,false,false,false,false,false,false,false,-0.4789504152355416,-0.9173409682738574,delta_g_hat,true,false,""
20212022,2021021266,2022-04-24,CBJ,EDM,0.3883,0.2903,0.098,0.3882554466172264,-0.39986694679685153,-0.5458209942502728,-0.33526774274204474,0.0,0.0,0.0,-2.737820763005733,0.0,2.0,0.0,0.011888951187505787,0.13878272199852326,-0.5743593769322815,0.02538197392269552,-0.04553095568521097,0.0026658857210262567,0.004059117517624927,-0.008938178716622364,-0.011985492989080679,0.002503617037970341,false,2.10450922764058,0.51800209263564,0.08071294282921258,1.0093426420472742,2.728479519769133,0.009756371778968653,2,0.8478214426852843,false,false,false,false,false,2.354716954537245,0.6022451194468166,0.07910396286816877,1.018438316572047,3.0920459835733514,0.03400725756621477,1,0.3271158458223412,false,false,false,false,false,false,false,false,false,false,false,-0.45446372951089764,-0.8939274745003529,delta_g_hat,true,false,""
20212022,2021021268,2022-04-24,WPG,COL,0.4349,0.3448,0.0901,0.4349139420966317,-0.27826690453764047,-0.3252624005571807,-0.12185547055056123,0.0,0.0,1.0,0.9643652475298945,1.0,1.0,0.0,0.011888951187505787,0.13878272199852326,-0.40174694131494837,0.02538197392269552,-0.04553095568521097,-0.010341758568122045,-0.002531548482190157,0.023385530943394652,-0.00404201817357409,0.002503617037970341,false,2.147527760614553,0.5752070057239663,0.0889877527447234,1.007858962534166,2.833819741017189,0.026886053312517907,2,0.18082687874376696,false,false,false,false,false,2.228288621710018,0.6473103387874792,0.08118531981021976,1.0235910351778332,3.026537882277721,0.014211505613644659,2,0.7161078601839441,false,false,false,false,false,false,false,false,false,false,false,-0.26188658703220474,-0.6419759937493216,delta_g_hat,true,false,""
20212022,2021021274,2022-04-26,OTT,NJD,0.4788,0.5713,-0.0925,0.478787949485257,-0.13581012854998875,-0.23018909599983362,-0.036672729705358176,0.0,0.0,1.0,-0.5270859391565113,0.0,0.0,0.0,0.011888951187505787,0.1353953538674173,-0.19952817052699065,0.02538197392269552,-0.04553095568521097,-0.010341758568122045,0.00012354680435267478,-0.008938178716622364,0.0039014566419324995,0.002503617037970341,false,2.165537072284528,0.5476817288233475,0.0808272955280492,0.9829207721061993,2.7463259466056957,0.0020518261522918246,1,0.6978498372949523,false,false,false,false,false,2.309898200772677,0.5000627396494878,0.0840068116495844,1.0061975397423695,2.9119032322283496,0.018548426112709335,3,0.0,false,false,false,false,true,false,false,false,false,true,true,-0.08485087156687193,0.2871570921264856,delta_g_hat,true,true,flagged
20212022,2021021280,2022-04-26,NSH,CGY,0.5153,0.4265,0.0888,0.5152933935188578,-0.04827347903975031,-0.357391817464805,0.019646452370535084,0.0,0.0,-1.0,-2.723163936974487,0.0,1.0,0.0,0.011888951187505787,0.1353953538674173,-0.0752690502420343,0.02538197392269552,-0.04553095568521097,0.015673530010174557,0.004033025299482879,-0.008938178716622364,-0.00404201817357409,0.002503617037970341,false,2.035043052748215,0.5581588682256262,0.08580942350530599,1.0343904348352098,2.771143709544245,0.005365280038712717,1,0.8503096251897094,false,false,false,false,false,2.2650756640719805,0.5999356393641188,0.0825063489697965,1.006665146721001,2.967163290021922,0.006244027702316468,0,0.6062726324538374,false,false,false,false,false,false,false,false,false,false,false,0.06121911248284818,-0.2961455696376916,delta_g_hat,true,true,""
20212022,2021021287,2022-04-27,DAL,ARI,0.7125,0.8117,-0.0992,0.7125396497793619,0.5817431328367721,0.5336526741894554,0.6394073069639181,1.0,1.0,0.0,-1.3886917208744896,0.0,0.0,0.0,0.011888951187505787,0.1354799868451676,0.8190456213233777,-0.20940128486223802,0.14948643708564552,0.0026658857210262567,0.0016573854377041125,-0.008938178716622364,0.0039014566419324995,0.002503617037970341,false,2.3611859486212095,0.5613936029672909,0.07747815982206582,0.998968157286337,2.996962123720479,0.001658902161619808,2,0.6890098498322567,false,false,false,false,false,1.9504338696676242,0.4840531543387728,0.07987807152096234,0.9995279952987037,2.5131783033814954,0.004013856323546838,2,0.6641002332594949,false,false,false,false,false,false,false,false,false,false,false,0.9075570519054006,1.461094378104023,delta_g_hat,true,false,""
20212022,2021021296,2022-04-28,COL,NSH,0.5818,0.731,-0.1492,0.5817851166771748,0.15407761735086192,0.06280350477152741,0.3913728232324991,0.0,0.0,0.0,-1.644146131080673,0.0,1.0,0.0,0.011888951187505787,0.13454774655879945,0.211970287416794,0.02538197392269552,-0.04553095568521097,0.0026658857210262567,0.0021121477567927543,-0.008938178716622364,-0.00404201817357409,0.002503617037970341,false,2.232455865328421,0.6533754839232035,0.08161879785055634,1.0200262951134298,3.02687717948244,0.06903838119715922,1,0.7239671174802923,false,false,false,false,false,2.106423742708293,0.5733499589333174,0.09200104596972111,1.0368008841665939,2.873778509034066,0.006897147057375916,0,0.18992252021162012,false,false,false,false,false,false,false,false,false,false,false,0.330166959066568,0.9997020801479394,delta_g_hat,true,false,""
20212022,2021021298,2022-04-29,BUF,CHI,0.418,0.5554,-0.1374,0.4179642864273584,-0.15765824701284087,-0.3050772983232988,-0.11415397194098054,1.0,0.0,-1.0,-0.08908189159748224,0.0,1.0,0.0,0.011888951187505787,0.13760051244762744,-0.23054178591282953,-0.20940128486223802,-0.04553095568521097,0.015673530010174557,-0.0006561920785164311,-0.008938178716622364,-0.00404201817357409,0.002503617037970341,false,2.19355705414378,0.5031654067402728,0.07810720041301997,0.9920332089594258,2.7527231732123316,0.004360006519269127,1,0.3003947592260967,false,false,false,false,false,2.194190058175513,0.5309372463742231,0.07906104569874123,1.0390849774599675,2.9137899887114425,0.01789735761039188,1,0.2557568034904173,false,false,false,false,false,false,false,false,false,false,false,-0.33098901520668167,0.22251357334260308,delta_g_hat,false,true,""
20212022,2021021301,2022-04-29,NJD,DET,0.5044,0.5932,-0.0888,0.5044164513783922,0.07387235639905221,0.025845330831058444,0.2576191011486175,1.0,0.0,-2.0,0.139597162416855,0.0,0.0,0.0,0.011888951187505787,0.13760051244762744,0.09811814407046257,-0.20940128486223802,-0.04553095568521097,0.02868117429932286,-0.0010632886592590388,-0.008938178716622364,0.0039014566419324995,0.002503617037970341,false,2.293609900228063,0.4761240460002351,0.07870019059414571,0.9962608634557553,2.837783452647577,0.03320671793817516,2,0.07680810059758049,false,false,false,false,true,2.1301840193943513,0.4817790837427586,0.07717329961534586,0.9851824908931929,2.6492900996152247,0.02317299931630684,1,0.1315579562333618,false,false,false,false,false,false,false,false,false,true,true,0.017600454335776856,0.3772099460893719,home_back_to_back,true,false,flagged
20212022,2021021303,2022-04-29,PHI,OTT,0.5802,0.4928,0.0874,0.5802214254745716,-0.0068389878480539,-0.07528485573927979,0.08000803652521205,0.0,1.0,1.0,1.4415854394845338,1.0,0.0,0.0,0.011888951187505787,0.13760051244762744,-0.016452389406360228,0.02538197392269552,0.14948643708564552,-0.010341758568122045,-0.003381100310377641,0.023385530943394652,0.0039014566419324995,0.002503617037970341,false,2.2372515033619402,0.5347997160644274,0.08407322108614254,0.9864464107010177,2.817413702859018,0.0004197876934268485,0,0.6478774927179688,false,false,false,false,false,2.191185379334381,0.5531227626682022,0.08239449940575048,0.9811963437565401,2.7735502966368113,0.00502480028673849,1,0.9242875301077371,false,false,false,false,false,false,false,false,false,false,false,0.3235944643007712,-0.028801990903706078,away_back_to_back,false,true,""
20212022,2021021306,2022-04-29,STL,VGK,0.5118,0.605,-0.0932,0.5118186776218742,-0.06507211246071035,-0.14636977722335542,0.014257590972960532,0.0,0.0,1.0,0.8599760399748528,1.0,0.0,0.0,0.011888951187505787,0.13760051244762744,-0.09911487279243722,0.02538197392269552,-0.04553095568521097,-0.010341758568122045,-0.002345713843135618,0.023385530943394652,0.0039014566419324995,0.002503617037970341,false,2.0769668463210826,0.5120295394787603,0.07508172173687862,1.0617098819352013,2.8284780530189675,0.011524248467505396,2,0.46220171638680185,false,false,false,false,false,2.310269702501286,0.5164785406588974,0.07708968268986863,1.0066416466910035,2.9231241914014845,0.018446562133136696,0,0.697818422254797,false,false,false,false,false,false,false,false,false,false,false,0.04720876576682894,0.42634269312971956,delta_g_hat,true,false,""
20212022,2021021308,2022-04-29,MIN,COL,0.4597,0.6017,-0.142,0.45974104661799436,-0.1674769262703945,-0.25675587768869557,-0.13408877523677365,1.0,1.0,0.0,-1.1346465148934888,0.0,1.0,0.0,0.011888951187505787,0.13760051244762744,-0.2444794960460128,-0.20940128486223802,0.14948643708564552,0.0026658857210262567,0.001205131797095503,-0.008938178716622364,-0.00404201817357409,0.002503617037970341,false,2.103155436412234,0.5654852520541563,0.09176765026115613,1.047537469639616,2.89163116632275,0.0017775550795159842,2,0.8041239655165082,false,false,false,false,false,2.1660816038492667,0.6595115518702914,0.08414887871688256,1.034455969780247,3.010000018043297,0.021774686175914063,5,0.6201158684290796,false,false,false,true,false,false,false,false,true,false,true,-0.16155043803783775,0.41255349203870756,delta_g_hat,true,true,flagged
20212022,2021021309,2022-04-29,WPG,CGY,0.5217,0.4245,0.0972,0.5216893137505916,-0.15361958078362972,-0.3641490067540265,-0.08975862204754836,0.0,1.0,1.0,-0.628446010365578,0.0,0.0,0.0,0.011888951187505787,0.13760051244762744,-0.2248088601546002,0.02538197392269552,0.14948643708564552,-0.010341758568122045,0.0003039889466857075,-0.008938178716622364,0.0039014566419324995,0.002503617037970341,false,2.0306922153746476,0.5580846240348241,0.08367600516441268,1.0066820107906242,2.6903102033187616,0.03295865940065908,0,0.778976730235661,false,false,false,false,false,2.2898257901978454,0.5953400126736919,0.08170222027845776,1.0087610389405621,2.99286086943232,0.004195645742492454,2,0.669343471657502,false,false,false,false,false,false,false,false,false,false,false,0.08685455934209614,-0.30432722241053534,delta_g_hat,true,true,""
20212022,2021021312,2022-04-29,SEA,SJS,0.6437,0.5427,0.1011,0.6437386068516593,0.20756242124744895,0.07303621683931816,0.2771880579008732,0.0,1.0,1.0,-0.9069987697609924,0.0,1.0,0.0,0.011888951187505787,0.13760051244762744,0.2878924836395999,0.02538197392269552,0.14948643708564552,-0.010341758568122045,0.0007998711620248609,-0.008938178716622364,-0.00404201817357409,0.002503617037970341,false,2.1154853312478914,0.5093333731762502,0.0759935909670391,1.0072948259894803,2.7205142511163083,0.008661566401217763,2,0.29808434112617566,false,false,false,false,false,2.0383620289059685,0.49188543787000966,0.07918140526408207,0.9799181876056456,2.55702681097534,0.018515759101210588,2,0.8061148591928942,false,false,false,false,false,false,false,false,false,false,false,0.59145970644678,0.1712170504053494,delta_g_hat,false,false,sample
